Item Status,Item,Cert Number,Grade Issuer,Grade,Autograph Grade,Year,Set,Card Number,Subject,Variety,Serial,Category,My Cost,PSA Estimate,Gain/Loss,My Value,Date Acquired,Source,My Notes,Vault Status,Vaulted Date,Days Vaulted,Listing Status,Listing Date,Listing Price,Sold Status,Sold On,Sold Date,Sold Price,Sold Fees,Sold Proceeds,Payment Date
Active,2019 PANINI DONRUSS OPTIC #56 JAMAL MURRAY CHECKERBOARD,67574272,PSA,10,-,2019,PANINI DONRUSS OPTIC,56,JAMAL MURRAY,CHECKERBOARD,-,-,23,61.2,38.2,-,03/10/2023,Goldin,-,Unvaulted,-,-,-,-,-,-,-,-,-,-,-,-
Active,2018 PANINI CROWN ROYALE POWER IN THE PAINT #9 NIKOLA JOKIC,68501642,PSA,9,-,2018,PANINI CROWN ROYALE POWER IN THE PAINT,9,NIKOLA JOKIC,-,-,-,55,152.56,97.56,-,04/01/2023,Goldin,-,Unvaulted,11/22/2022,1110,-,-,-,-,-,-,-,-,-,-
Active,2019 PANINI PRIZM #88 MICHAEL PORTER JR.,58185450,PSA,9,-,2019,PANINI PRIZM,88,MICHAEL PORTER JR.,-,-,-,5,8.04,3.039999999999999,-,04/07/2023,Goldin,-,Unvaulted,03/06/2023,1104,-,-,-,-,-,-,-,-,-,-
Active,2021 PANINI CHRONICLES #20 NIKOLA JOKIC PINK,72260764,PSA,10,-,2021,PANINI CHRONICLES,20,NIKOLA JOKIC,PINK,-,-,74,164.8,90.80000000000001,-,06/10/2023,Goldin,-,Unvaulted,06/16/2023,1034,-,-,-,-,-,-,-,-,-,-
Active,2018 PANINI CHRONICLES #158 MICHAEL PORTER JR.,59483796,PSA,8,-,2018,PANINI CHRONICLES,158,MICHAEL PORTER JR.,-,-,-,6,7.47,1.4699999999999998,-,07/07/2023,Goldin,-,Unvaulted,06/22/2023,1012,-,-,-,-,-,-,-,-,-,-
Active,2020 PANINI DONRUSS OPTIC SPLASH! #2 JAMAL MURRAY HOLO,79602572,PSA,10,-,2020,PANINI DONRUSS OPTIC SPLASH!,2,JAMAL MURRAY,HOLO,-,-,21.96,66.82,44.85999999999999,-,01/12/2024,Goldin,-,Unvaulted,10/05/2023,823,-,-,-,-,-,-,-,-,-,-
Active,2019 PANINI PRIZM #88 MICHAEL PORTER JR. SILVER PRIZM,52063864,PSA,9,-,2019,PANINI PRIZM,88,MICHAEL PORTER JR.,SILVER PRIZM,-,-,5,8.13,3.130000000000001,-,07/03/2024,-,in a large lot of graded cards,Unvaulted,-,-,-,-,-,-,-,-,-,-,-,-
Active,2017 PANINI DONRUSS OPTIC #172 DERRICK WHITE,88483998,PSA,10,-,2017,PANINI DONRUSS OPTIC,172,DERRICK WHITE,-,-,-,25,21.22,-3.780000000000001,-,06/03/2024,-,-,Unvaulted,-,-,-,-,-,-,-,-,-,-,-,-
Active,2018 PANINI SELECT #134 MICHAEL PORTER JR.,47702023,PSA,9,-,2018,PANINI SELECT,134,MICHAEL PORTER JR.,-,-,-,25,8.95,-16.05,-,06/30/2023,-,-,Unvaulted,-,-,-,-,-,-,-,-,-,-,-,-
Active,2018 PANINI PRIZM LUCK OF THE LOTTERY #14 MICHAEL PORTER JR.,48555614,PSA,10,-,2018,PANINI PRIZM LUCK OF THE LOTTERY,14,MICHAEL PORTER JR.,-,-,-,18,18.96,0.9600000000000009,-,03/26/2024,-,includes shipping ,Unvaulted,-,-,-,-,-,-,-,-,-,-,-,-
Active,2018 PANINI PRIZM EMERGENT #14 MICHAEL PORTER JR. GREEN PRIZM,54772937,PSA,10,-,2018,PANINI PRIZM EMERGENT,14,MICHAEL PORTER JR.,GREEN PRIZM,-,-,29,10.01,-18.990000000000002,-,03/25/2024,eBay,includes shipping ,Unvaulted,-,-,-,-,-,-,-,-,-,-,-,-
Active,2022 PANINI DONRUSS #221 CHRISTIAN BRAUN,74840634,PSA,9,-,2022,PANINI DONRUSS,221,CHRISTIAN BRAUN,-,-,-,11,39.11,28.11,-,06/03/2024,-,-,Unvaulted,-,-,-,-,-,-,-,-,-,-,-,-
Active,2022 PANINI DONRUSS OPTIC #238 CHRISTIAN BRAUN,74699790,PSA,10,-,2022,PANINI DONRUSS OPTIC,238,CHRISTIAN BRAUN,-,-,-,13,18.42,5.420000000000002,-,07/06/2023,-,-,Unvaulted,-,-,-,-,-,-,-,-,-,-,-,-
Active,2022 PANINI OBSIDIAN ROOKIE JERSEY INK #RJIDCB CHRISTIAN BRAUN ELECTRIC ETCH GREEN 4/25,79258671,PSA,9,-,2022,PANINI OBSIDIAN ROOKIE JERSEY INK,RJIDCB,CHRISTIAN BRAUN,ELECTRIC ETCH GREEN,4/25,-,20,-,-,-,03/04/2024,-,-,Unvaulted,-,-,-,-,-,-,-,-,-,-,-,-
Active,2020 PANINI DONRUSS OPTIC #96 NIKOLA JOKIC PURPLE,79238410,PSA,9,-,2020,PANINI DONRUSS OPTIC,96,NIKOLA JOKIC,PURPLE,-,-,29,98.02,69.02,-,12/01/2023,-,-,Unvaulted,-,-,-,-,-,-,-,-,-,-,-,-
Active,2016 PANINI SELECT ROOKIE SIGNATURES #5 JAMAL MURRAY ORANGE PRIZM 46/60,88996104,PSA,9,-,2016,PANINI SELECT ROOKIE SIGNATURES,5,JAMAL MURRAY,ORANGE PRIZM,46/60,-,275,255.91,-19.090000000000003,-,06/04/2024,-,-,Unvaulted,-,-,-,-,-,-,-,-,-,-,-,-
Active,2022 PANINI OBSIDIAN #67 JAMAL MURRAY ELECTRIC ETCH NEON FLOOD,80490907,PSA,10,-,2022,PANINI OBSIDIAN,67,JAMAL MURRAY,ELECTRIC ETCH NEON FLOOD,-,-,40,-,-,-,01/04/2024,-,-,Unvaulted,-,-,-,-,-,-,-,-,-,-,-,-
Active,2023 PANINI PRIZM MONOPOLY #2 AARON GORDON MONOPOLY MAN BLACK AND WHITE,91900989,PSA,7,-,2023,PANINI PRIZM MONOPOLY,2,AARON GORDON,MONOPOLY MAN BLACK AND WHITE,-,-,9,5.72,-3.2800000000000002,-,07/05/2024,-,includes shipping ,Unvaulted,-,-,-,-,-,-,-,-,-,-,-,-
Active,2023 PANINI PRIZM #17 NIKOLA JOKIC BLUE YELLOW GREEN CHOICE,92844006,PSA,10,-,2023,PANINI PRIZM,17,NIKOLA JOKIC,BLUE YELLOW GREEN CHOICE,-,-,40,35.35,-4.649999999999999,-,07/15/2024,eBay,price includes shipping,Unvaulted,-,-,-,-,-,-,-,-,-,-,-,-
Active,2023 PANINI PRIZM MONOPOLY #2 AARON GORDON PINK 55/149,91604270,PSA,9,-,2023,PANINI PRIZM MONOPOLY,2,AARON GORDON,PINK,55/149,-,10,10.86,0.8599999999999994,-,07/07/2024,-,-,Unvaulted,-,-,-,-,-,-,-,-,-,-,-,-
Active,2016 PANINI THREADS #168 JAMAL MURRAY,50611592,PSA,10,-,2016,PANINI THREADS,168,JAMAL MURRAY,-,-,-,10,25.16,15.16,-,06/15/2024,-,-,Unvaulted,-,-,-,-,-,-,-,-,-,-,-,-
Active,2016 PANINI SELECT #4 JAMAL MURRAY TRI-COLOR PRIZM,57552875,PSA,9,-,2016,PANINI SELECT,4,JAMAL MURRAY,TRI-COLOR PRIZM,-,-,29,15.58,-13.42,-,02/10/2024,eBay,-,Unvaulted,-,-,-,-,-,-,-,-,-,-,-,-
Active,2016 PANINI SELECT #4 JAMAL MURRAY,77586267,PSA,10,-,2016,PANINI SELECT,4,JAMAL MURRAY,-,-,-,39,30.06,-8.940000000000001,-,02/13/2024,eBay,price includes shipping,Unvaulted,-,-,-,-,-,-,-,-,-,-,-,-
Active,2015 PANINI PRIZM USA BASKETBALL #19 LeBRON JAMES,48138297,PSA,9,-,2015,PANINI PRIZM USA BASKETBALL,19,LeBRON JAMES,-,-,-,5,46.17,41.17,-,07/01/2024,-,-,Unvaulted,-,-,-,-,-,-,-,-,-,-,-,-
Active,2016 PANINI SELECT #275 JAMAL MURRAY,52346586,PSA,10,-,2016,PANINI SELECT,275,JAMAL MURRAY,-,-,-,40,25.35,-14.649999999999999,-,07/18/2024,-,-,Unvaulted,-,-,-,-,-,-,-,-,-,-,-,-
Active,2022 PANINI MOSAIC #221 PEYTON WATSON MOSAIC,83771469,PSA,9,-,2022,PANINI MOSAIC,221,PEYTON WATSON,MOSAIC,-,-,7,7.06,0.05999999999999961,-,07/26/2024,-,-,Unvaulted,-,-,-,-,-,-,-,-,-,-,-,-
Active,2019 PANINI CHRONICLES #78 ZION WILLIAMSON,61179735,PSA,10,-,2019,PANINI CHRONICLES,78,ZION WILLIAMSON,-,-,-,5,13.58,8.58,-,06/25/2024,-,-,Unvaulted,-,-,-,-,-,-,-,-,-,-,-,-
Active,2019 PANINI CHRONICLES #165 JA MORANT,50558153,PSA,9,-,2019,PANINI CHRONICLES,165,JA MORANT,-,-,-,5,8.74,3.74,-,06/25/2024,-,-,Unvaulted,-,-,-,-,-,-,-,-,-,-,-,-
Active,2019 PANINI CHRONICLES #159 LUKA DONCIC,51134820,PSA,9,-,2019,PANINI CHRONICLES,159,LUKA DONCIC,-,-,-,5,9.73,4.73,-,06/25/2024,-,-,Unvaulted,-,-,-,-,-,-,-,-,-,-,-,-
Active,2019 PANINI CHRONICLES #51 STEPHEN CURRY,61214128,PSA,10,-,2019,PANINI CHRONICLES,51,STEPHEN CURRY,-,-,-,5,20.87,15.870000000000001,-,06/25/2024,-,-,Unvaulted,-,-,-,-,-,-,-,-,-,-,-,-
Active,2019 PANINI CHRONICLES #125 GIANNIS ANTETOKOUNMPO,61213965,PSA,9,-,2019,PANINI CHRONICLES,125,GIANNIS ANTETOKOUNMPO,-,-,-,5,8.99,3.99,-,06/25/2024,-,-,Unvaulted,-,-,-,-,-,-,-,-,-,-,-,-
Active,2021 PANINI PRIZM #32 NIKOLA JOKIC RED/WHITE/BLUE PRIZM,89684944,PSA,10,-,2021,PANINI PRIZM,32,NIKOLA JOKIC,RED/WHITE/BLUE PRIZM,-,-,37,36.85,-0.14999999999999858,-,07/30/2024,-,-,Unvaulted,-,-,-,-,-,-,-,-,-,-,-,-
Active,2022 PANINI SELECT #39 JAMAL MURRAY GOLD 9/10,86394985,PSA,9,-,2022,PANINI SELECT,39,JAMAL MURRAY,GOLD,9/10,-,60,-,-,-,08/01/2024,-,-,Unvaulted,-,-,-,-,-,-,-,-,-,-,-,-
Active,2016 PANINI PRIZM #175 JAMAL MURRAY,53208379,PSA,10,-,2016,PANINI PRIZM,175,JAMAL MURRAY,-,-,-,60,54.23,-5.770000000000003,-,08/05/2024,-,-,Unvaulted,-,-,-,-,-,-,-,-,-,-,-,-
Active,1990 FLEER #26 MICHAEL JORDAN,57037542,PSA,8,-,1990,FLEER,26,MICHAEL JORDAN,-,-,-,10,24.96,14.96,-,08/10/2024,-,-,Unvaulted,-,-,-,-,-,-,-,-,-,-,-,-
Active,1986 FLEER #1 KAREEM ABDUL-JABBAR,02491367,PSA,5,-,1986,FLEER,1,KAREEM ABDUL-JABBAR,-,-,-,40,46.65,6.649999999999999,-,08/10/2024,-,-,Unvaulted,-,-,-,-,-,-,-,-,-,-,-,-
Active,2020 PANINI SELECT #58 NIKOLA JOKIC RED/WHITE/ORANGE FLASH,94078502,PSA,10,-,2020,PANINI SELECT,58,NIKOLA JOKIC,RED/WHITE/ORANGE FLASH ,-,-,58,46.49,-11.509999999999998,-,-,eBay,includes shipping ,Unvaulted,-,-,-,-,-,-,-,-,-,-,-,-
Active,2023 PANINI PRIZM MONOPOLY #48 JAIME JAQUEZ JR. SILVER,92398928,PSA,10,-,2023,PANINI PRIZM MONOPOLY,48,JAIME JAQUEZ JR.,SILVER,-,-,40,20.38,-19.62,-,08/10/2024,-,-,Unvaulted,-,-,-,-,-,-,-,-,-,-,-,-
Active,2023 BOWMAN UNIVERSITY CHROME #34 CAITLIN CLARK,92400081,PSA,9,-,2023,BOWMAN UNIVERSITY CHROME,34,CAITLIN CLARK,-,-,-,28,20.52,-7.48,-,08/12/2024,-,-,Unvaulted,-,-,-,-,-,-,-,-,-,-,-,-
Active,2018 PANINI PRIZM #32 MICHAEL PORTER JR.,48958298,PSA,9,-,2018,PANINI PRIZM,32,MICHAEL PORTER JR.,-,-,-,6,10.37,4.369999999999999,-,08/17/2024,-,includes shipping ,Unvaulted,-,-,-,-,-,-,-,-,-,-,-,-
Active,2018 PANINI DONRUSS OPTIC #182 MICHAEL PORTER JR. SHOCK,50756452,PSA,9,-,2018,PANINI DONRUSS OPTIC,182,MICHAEL PORTER JR.,SHOCK,-,-,6,7.69,1.6900000000000004,-,08/17/2024,-,includes shipping ,Unvaulted,-,-,-,-,-,-,-,-,-,-,-,-
Active,2018 PANINI HOOPS #254 MICHAEL PORTER JR. TEAL EXPLOSION,52163948,PSA,9,-,2018,PANINI HOOPS,254,MICHAEL PORTER JR.,TEAL EXPLOSION,-,-,6,98.1,92.1,-,08/17/2024,-,includes shipping ,Unvaulted,-,-,-,-,-,-,-,-,-,-,-,-
Active,2019 PANINI PRIZM #88 MICHAEL PORTER JR. SILVER PRIZM,49845000,PSA,9,-,2019,PANINI PRIZM,88,MICHAEL PORTER JR.,SILVER PRIZM,-,-,6,8.13,2.130000000000001,-,08/17/2024,eBay,includes shipping ,Unvaulted,-,-,-,-,-,-,-,-,-,-,-,-
Active,2016 PANINI DONRUSS OPTIC ROOKIE KINGS #7 JAMAL MURRAY HOLO,93802046,PSA,10,-,2016,PANINI DONRUSS OPTIC ROOKIE KINGS,7,JAMAL MURRAY,HOLO,-,-,40,30.36,-9.64,-,08/23/2024,eBay,includes shipping ,Unvaulted,-,-,-,-,-,-,-,-,-,-,-,-
Active,2019 PANINI HOOPS PREMIUM STOCK #137 AARON GORDON SILVER LASER,63710836,PSA,10,-,2019,PANINI HOOPS PREMIUM STOCK,137,AARON GORDON,SILVER LASER,-,-,10,6.13,-3.87,-,08/27/2024,eBay,includes shipping,Unvaulted,-,-,-,-,-,-,-,-,-,-,-,-
Active,2023 PANINI SELECT #169 NIKOLA JOKIC ORANGE FLASH,94012583,PSA,10,-,2023,PANINI SELECT,169,NIKOLA JOKIC,ORANGE FLASH,-,-,28,30.18,2.1799999999999997,-,08/29/2024,eBay,including shipping ,Unvaulted,-,-,-,-,-,-,-,-,-,-,-,-
Active,2022 PANINI OBSIDIAN #46 MICHAEL PORTER JR. ELECTRIC ETCH CONTRA FOTL 1/3,93434752,PSA,8,-,2022,PANINI OBSIDIAN,46,MICHAEL PORTER JR.,ELECTRIC ETCH CONTRA FOTL,1/3,-,120,-,-,-,08/30/2024,eBay,sent to PSA ,Unvaulted,-,-,-,-,-,-,-,-,-,-,-,-
Active,2023 PANINI COURT KINGS AURORA #16 NIKOLA JOKIC,93434754,PSA,8,-,2023,PANINI COURT KINGS AURORA,16,NIKOLA JOKIC,-,-,-,75,50.99,-24.009999999999998,-,08/30/2024,eBay,-,Unvaulted,-,-,-,-,-,-,-,-,-,-,-,-
Active,2022 PANINI REVOLUTION AUTOGRAPHS #AJMY JAMAL MURRAY,93434755,PSA,8,-,2022,PANINI REVOLUTION AUTOGRAPHS,AJMY,JAMAL MURRAY,-,-,-,70,221.25,151.25,-,08/30/2024,eBay,-,Unvaulted,-,-,-,-,-,-,-,-,-,-,-,-
Active,2022 PANINI OBSIDIAN #233 PEYTON WATSON JERSEY AUTOGRAPH-ELECTRIC ETCH YELLOW 1/10,93434756,PSA,10,-,2022,PANINI OBSIDIAN,233,PEYTON WATSON,JERSEY AUTOGRAPH-ELECTRIC ETCH YELLOW,1/10,-,100,-,-,-,08/30/2024,eBay,graded at PSA ,Unvaulted,-,-,-,-,-,-,-,-,-,-,-,-
Active,2022 PANINI OBSIDIAN #233 PEYTON WATSON JERSEY AUTOGRAPH-ELECTRIC ETCH YELLOW FLOOD 4/10,93434757,PSA,9,-,2022,PANINI OBSIDIAN,233,PEYTON WATSON,JERSEY AUTOGRAPH-ELECTRIC ETCH YELLOW FLOOD,4/10,-,100,-,-,-,08/30/2024,eBay,graded at PSA,Unvaulted,-,-,-,-,-,-,-,-,-,-,-,-
Active,2022 PANINI OBSIDIAN #227 CHRISTIAN BRAUN JERSEY AUTOGRAPH-ELECTRIC ETCH YELLOW 4/10,93434753,PSA,9,-,2022,PANINI OBSIDIAN,227,CHRISTIAN BRAUN,JERSEY AUTOGRAPH-ELECTRIC ETCH YELLOW,4/10,-,100,-,-,-,08/30/2024,eBay,graded by PSA ,Unvaulted,-,-,-,-,-,-,-,-,-,-,-,-
Active,2023 PANINI DONRUSS OPTIC RISING SUNS #11 VICTOR WEMBANYAMA,94507907,PSA,10,-,2023,PANINI DONRUSS OPTIC RISING SUNS,11,VICTOR WEMBANYAMA,-,-,-,70,70.15,0.15000000000000568,-,08/31/2024,Other auction / marketplace,-,Unvaulted,-,-,-,-,-,-,-,-,-,-,-,-
Active,2022 PANINI OBSIDIAN #165 CHRISTIAN BRAUN ELECTRIC ETCH RED 1/5,83723896,PSA,10,-,2022,PANINI OBSIDIAN,165,CHRISTIAN BRAUN,ELECTRIC ETCH RED,1/5,-,100,-,-,-,09/07/2024,eBay,-,Unvaulted,-,-,-,-,-,-,-,-,-,-,-,-
Active,2024 PANINI CAITLIN CLARK COLLECTION PRIZM AUTOGRAPHS #CC CAITLIN CLARK WHITE JERSEY-GOLD VINYL,96184053,PSA,8,10,2024,PANINI CAITLIN CLARK COLLECTION PRIZM AUTOGRAPHS,CC,CAITLIN CLARK,WHITE JERSEY-GOLD VINYL,-,-,132,1042.52,910.52,-,07/20/2024,Other,"pulled from a box
most of the cost is in grading",Unvaulted,-,-,-,-,-,-,-,-,-,-,-,-
Active,2023 PANINI PRIZM MONOPOLY MILLIONAIRE WHITE #W13 JAMAL MURRAY,96420861,PSA,10,-,2023,PANINI PRIZM MONOPOLY MILLIONAIRE WHITE,W13,JAMAL MURRAY,-,-,-,250,-,-,-,09/12/2024,eBay,50 for grading,Unvaulted,-,-,-,-,-,-,-,-,-,-,-,-
Active,2016 PANINI NATIONAL CONVENTION #47 JAMAL MURRAY 413/1499,80048365,PSA,9,-,2016,PANINI NATIONAL CONVENTION,47,JAMAL MURRAY,-,413/1499,-,18,-,-,-,10/05/2024,Card show,-,Unvaulted,-,-,-,-,-,-,-,-,-,-,-,-
Active,2023 PANINI CONTENDERS SUPERNATURAL #16 NIKOLA JOKIC CRACKED ICE 3/25,96060734,PSA,10,-,2023,PANINI CONTENDERS SUPERNATURAL,16,NIKOLA JOKIC,CRACKED ICE,3/25,-,145,152.21,7.210000000000008,-,10/05/2024,Card show,-,Unvaulted,-,-,-,-,-,-,-,-,-,-,-,-
Active,2023 PANINI PRIZM #37 JAMAL MURRAY SNAKESKIN PRIZM,92562583,PSA,10,-,2023,PANINI PRIZM,37,JAMAL MURRAY,SNAKESKIN PRIZM,-,-,45,55.82,10.82,-,10/05/2024,Card show,-,Unvaulted,-,-,-,-,-,-,-,-,-,-,-,-
Active,2023 BOWMAN UNIVERSITY CHROME SAPPHIRE #90 PAIGE BUECKERS,96645192,PSA,9,-,2023,BOWMAN UNIVERSITY CHROME SAPPHIRE,90,PAIGE BUECKERS,-,-,-,30,31.73,1.7300000000000004,-,10/05/2024,Card show,-,Unvaulted,-,-,-,-,-,-,-,-,-,-,-,-
Active,2016 PANINI CONTENDERS DRAFT PICKS #103 JAMAL MURRAY VARIATION-AUTOGRAPH-DRAFT TICKET 45/99,94203222,PSA,9,-,2016,PANINI CONTENDERS DRAFT PICKS,103,JAMAL MURRAY,VARIATION-AUTOGRAPH-DRAFT TICKET,45/99,-,89,81.71,-7.290000000000006,-,10/07/2024,eBay,price includes shipping ,Unvaulted,-,-,-,-,-,-,-,-,-,-,-,-
Active,2016 PANINI CONTENDERS DRAFT PICKS #103 JAMAL MURRAY AUTOGRAPH,96238600,PSA,9,9,2016,PANINI CONTENDERS DRAFT PICKS,103,JAMAL MURRAY,AUTOGRAPH,-,-,85,40.49,-44.51,-,10/13/2024,eBay,$31 for the card,Unvaulted,-,-,-,-,-,-,-,-,-,-,-,-
Active,2015 PANINI PRIZM #335 NIKOLA JOKIC,65518908,PSA,9,-,2015,PANINI PRIZM,335,NIKOLA JOKIC,-,-,-,160,357.29,197.29000000000002,-,10/21/2024,eBay,-,Unvaulted,-,-,-,-,-,-,-,-,-,-,-,-
Active,2018 PANINI PRIZM FRESHMAN PHENOMS #15 SHAI GILGEOUS-ALEXANDER,97488424,PSA,9,-,2018,PANINI PRIZM FRESHMAN PHENOMS,15,SHAI GILGEOUS-ALEXANDER,-,-,-,17,20.12,3.120000000000001,-,10/31/2024,eBay,personally graded,Unvaulted,-,-,-,-,-,-,-,-,-,-,-,-
Active,2022 PANINI SELECT #169 PAOLO BANCHERO,97488422,PSA,7,-,2022,PANINI SELECT,169,PAOLO BANCHERO,-,-,-,17,7.49,-9.51,-,10/31/2024,eBay,personally graded,Unvaulted,-,-,-,-,-,-,-,-,-,-,-,-
Active,2023 PANINI CONTENDERS ROOKIE STALLION #21 VICTOR WEMBANYAMA,97488420,PSA,9,-,2023,PANINI CONTENDERS ROOKIE STALLION,21,VICTOR WEMBANYAMA,-,-,-,17,22.22,5.219999999999999,-,10/31/2024,Break,personally graded,Unvaulted,-,-,-,-,-,-,-,-,-,-,-,-
Active,1992 SKYBOX USA BASKETBALL #44 MICHAEL JORDAN,97488423,PSA,7,-,1992,SKYBOX USA BASKETBALL,44,MICHAEL JORDAN,-,-,-,16,9.14,-6.859999999999999,-,10/31/2024,Social media sale,personally graded,Unvaulted,-,-,-,-,-,-,-,-,-,-,-,-
Active,1994 CLASSIC #69 SHAQUILLE O'NEAL,97488411,PSA,6,-,1994,CLASSIC,69,SHAQUILLE O'NEAL,-,-,-,16,6.28,-9.719999999999999,-,10/31/2024,Social media sale,personally graded,Unvaulted,-,-,-,-,-,-,-,-,-,-,-,-
Active,1993 TOPPS GOLD #64 MICHAEL JORDAN 50 POINT CLUB,97488410,PSA,6,-,1993,TOPPS GOLD,64,MICHAEL JORDAN,50 POINT CLUB,-,-,16,8.14,-7.859999999999999,-,10/31/2024,Social media sale,personally graded,Unvaulted,-,-,-,-,-,-,-,-,-,-,-,-
Active,2022 BOWMAN UNIVERSITY BEST BOWMAN U BUCKETS DIE CUTS #BB19 ALIYAH BOSTON,97488412,PSA,10,-,2022,BOWMAN UNIVERSITY BEST BOWMAN U BUCKETS DIE CUTS,BB19,ALIYAH BOSTON,-,-,-,18,-,-,-,10/31/2024,eBay,personally graded,Unvaulted,-,-,-,-,-,-,-,-,-,-,-,-
Active,2024 PANINI CAITLIN CLARK COLLECTION RAZZLE DAZZLE #RD1 CAITLIN CLARK,97488415,PSA,9,-,2024,PANINI CAITLIN CLARK COLLECTION RAZZLE DAZZLE,RD1,CAITLIN CLARK,-,-,-,18,25.49,7.489999999999998,-,10/31/2024,Break,personally graded,Unvaulted,-,-,-,-,-,-,-,-,-,-,-,-
Active,2024 PANINI CAITLIN CLARK COLLECTION FEARLESS #F2 CAITLIN CLARK,97488416,PSA,8,-,2024,PANINI CAITLIN CLARK COLLECTION FEARLESS,F2,CAITLIN CLARK,-,-,-,18,29.95,11.95,-,10/31/2024,Break,personally graded,Unvaulted,-,-,-,-,-,-,-,-,-,-,-,-
Active,2024 PANINI CAITLIN CLARK COLLECTION ARTISTIC SELECTION #AS1 CAITLIN CLARK,97488417,PSA,9,-,2024,PANINI CAITLIN CLARK COLLECTION ARTISTIC SELECTION,AS1,CAITLIN CLARK,-,-,-,18,25.42,7.420000000000002,-,10/31/2024,Break,personally graded,Unvaulted,-,-,-,-,-,-,-,-,-,-,-,-
Active,2024 PANINI CAITLIN CLARK COLLECTION ARTISTIC SELECTION #AS2 CAITLIN CLARK,97488419,PSA,10,-,2024,PANINI CAITLIN CLARK COLLECTION ARTISTIC SELECTION,AS2,CAITLIN CLARK,-,-,-,18,70.96,52.959999999999994,-,10/31/2024,Break,personally graded,Unvaulted,-,-,-,-,-,-,-,-,-,-,-,-
Active,2024 PANINI CAITLIN CLARK COLLECTION DONRUSS #11 CAITLIN CLARK PANINI,97488413,PSA,8,-,2024,PANINI CAITLIN CLARK COLLECTION DONRUSS,11,CAITLIN CLARK,PANINI,-,-,18,18.75,0.75,-,10/31/2024,Break,personally graded,Unvaulted,-,-,-,-,-,-,-,-,-,-,-,-
Active,2023 PANINI OBSIDIAN #176 AARON GORDON ELECTRIC ETCH MOLTEN MOJO 4/10,97403314,PSA,9,-,2023,PANINI OBSIDIAN,176,AARON GORDON,ELECTRIC ETCH MOLTEN MOJO,4/10,-,33,52.88,19.880000000000003,-,10/31/2024,eBay,price includes grading,Unvaulted,-,-,-,-,-,-,-,-,-,-,-,-
Active,2023 PANINI SELECT #166 JAMAL MURRAY PURPLE DIE-CUT 16/99,97403317,PSA,9,-,2023,PANINI SELECT,166,JAMAL MURRAY,PURPLE DIE-CUT,16/99,-,21,16.94,-4.059999999999999,-,10/31/2024,eBay,price includes grading,Unvaulted,-,-,-,-,-,-,-,-,-,-,-,-
Active,2023 PANINI MOSAIC #47 NIKOLA JOKIC BLUE FAST BREAK 72/85,97403316,PSA,8,-,2023,PANINI MOSAIC,47,NIKOLA JOKIC,BLUE FAST BREAK,72/85,-,18,-,-,-,10/31/2024,Break,price includes grading ,Unvaulted,-,-,-,-,-,-,-,-,-,-,-,-
Active,2022 PANINI REVOLUTION #148 CHET HOLMGREN GROOVE,97403276,PSA,9,-,2022,PANINI REVOLUTION,148,CHET HOLMGREN,GROOVE,-,-,20,22.18,2.1799999999999997,-,10/31/2024,eBay,price includes grading,Unvaulted,-,-,-,-,-,-,-,-,-,-,-,-
Active,2020 PANINI SELECT #174 TYRESE MAXEY RED/WHITE/ORANGE FLASH,97403294,PSA,10,-,2020,PANINI SELECT,174,TYRESE MAXEY,RED/WHITE/ORANGE FLASH ,-,-,20,69.81,49.81,-,10/31/2024,eBay,price includes grading,Unvaulted,-,-,-,-,-,-,-,-,-,-,-,-
Active,1997 ULTRA JAM CITY #14 DENNIS RODMAN,97403304,PSA,9,-,1997,ULTRA JAM CITY,14,DENNIS RODMAN,-,-,-,18,50.87,32.87,-,10/31/2024,eBay,price includes grading,Unvaulted,-,-,-,-,-,-,-,-,-,-,-,-
Active,2023 PANINI PRIZM MONOPOLY ALL-STAR #PS1 NIKOLA JOKIC DICE,97403272,PSA,10,-,2023,PANINI PRIZM MONOPOLY ALL-STAR,PS1,NIKOLA JOKIC,DICE,-,-,18,44.41,26.409999999999997,-,10/31/2024,eBay,price includes grading,Unvaulted,-,-,-,-,-,-,-,-,-,-,-,-
Active,2023 PANINI PRIZM MONOPOLY #3 JAMAL MURRAY DEAL,97403313,PSA,9,-,2023,PANINI PRIZM MONOPOLY,3,JAMAL MURRAY,DEAL,-,-,20,11.85,-8.15,-,10/31/2024,eBay,price includes grading ,Unvaulted,-,-,-,-,-,-,-,-,-,-,-,-
Active,2023 PANINI PRIZM MONOPOLY #2 AARON GORDON BLACK GOLD 1/5,97403271,PSA,10,-,2023,PANINI PRIZM MONOPOLY,2,AARON GORDON,BLACK GOLD,1/5,-,85,958.49,873.49,-,10/31/2024,-,price includes grading ,Unvaulted,-,-,-,-,-,-,-,-,-,-,-,-
Active,2023 PANINI PRIZM MONOPOLY #2 AARON GORDON GOLD MILLIONAIRE SHIMMER 434/500,97403273,PSA,10,-,2023,PANINI PRIZM MONOPOLY,2,AARON GORDON,GOLD MILLIONAIRE SHIMMER,434/500,-,20,-,-,-,10/31/2024,eBay,price includes grading ,Unvaulted,-,-,-,-,-,-,-,-,-,-,-,-
Active,2023 PANINI SELECT #166 JAMAL MURRAY GOLD DISCO 8/10,97403265,PSA,10,-,2023,PANINI SELECT,166,JAMAL MURRAY,GOLD DISCO,8/10,-,30,-,-,-,10/31/2024,eBay,price includes grading ,Unvaulted,-,-,-,-,-,-,-,-,-,-,-,-
Active,2016 PANINI THREADS #168 JAMAL MURRAY,97403269,PSA,9,-,2016,PANINI THREADS,168,JAMAL MURRAY,-,-,-,15,14.96,-0.03999999999999915,-,10/31/2024,eBay,price includes grading ,Unvaulted,-,-,-,-,-,-,-,-,-,-,-,-
Active,2016 PANINI AFICIONADO #75 JAMAL MURRAY,97403268,PSA,9,-,2016,PANINI AFICIONADO,75,JAMAL MURRAY,-,-,-,15,15.95,0.9499999999999993,-,10/31/2024,eBay,price includes grading ,Unvaulted,-,-,-,-,-,-,-,-,-,-,-,-
Active,2016 PANINI COURT KINGS #157 JAMAL MURRAY,97403267,PSA,8,-,2016,PANINI COURT KINGS,157,JAMAL MURRAY,-,-,-,20,75.13,55.129999999999995,-,10/31/2024,eBay,price includes grading ,Unvaulted,-,-,-,-,-,-,-,-,-,-,-,-
Active,2016 PANINI REVOLUTION ROOKIE REVOLUTION #8 JAMAL MURRAY,97403266,PSA,8,-,2016,PANINI REVOLUTION ROOKIE REVOLUTION,8,JAMAL MURRAY,-,-,-,17,8.73,-8.27,-,10/31/2024,eBay,price includes grading ,Unvaulted,-,-,-,-,-,-,-,-,-,-,-,-
Active,2016 PANINI EXCALIBUR #45 JAMAL MURRAY,97403270,PSA,9,-,2016,PANINI EXCALIBUR,45,JAMAL MURRAY,-,-,-,15,12.12,-2.880000000000001,-,10/31/2024,eBay,price includes grading ,Unvaulted,-,-,-,-,-,-,-,-,-,-,-,-
Active,2016 PANINI COMPLETE #231 JAMAL MURRAY SILVER,97403312,PSA,8,-,2016,PANINI COMPLETE,231,JAMAL MURRAY,SILVER,-,-,18,-,-,-,10/31/2024,eBay,price includes grading ,Unvaulted,-,-,-,-,-,-,-,-,-,-,-,-
Active,2019 PANINI COURT KINGS #64 SHAI GILGEOUS-ALEXANDER,97403301,PSA,9,-,2019,PANINI COURT KINGS,64,SHAI GILGEOUS-ALEXANDER,-,-,-,20,53.43,33.43,-,10/31/2024,eBay,price includes grading ,Unvaulted,-,-,-,-,-,-,-,-,-,-,-,-
Active,1993 STADIUM CLUB #1 MICHAEL JORDAN,97403311,PSA,9,-,1993,STADIUM CLUB,1,MICHAEL JORDAN,-,-,-,15,40.43,25.43,-,10/31/2024,Other auction / marketplace,price includes grading ,Unvaulted,-,-,-,-,-,-,-,-,-,-,-,-
Active,2017 PANINI DONRUSS OPTIC #172 DERRICK WHITE RED/YELLOW,97403306,PSA,9,-,2017,PANINI DONRUSS OPTIC,172,DERRICK WHITE,RED/YELLOW,-,-,23,16.07,-6.93,-,10/31/2024,eBay,price includes grading ,Unvaulted,-,-,-,-,-,-,-,-,-,-,-,-
Active,2024 TOPPS NOW OLYMPIC GAMES #4 LeBRON JAMES,97403307,PSA,10,-,2024,TOPPS NOW OLYMPIC GAMES,4,LeBRON JAMES,-,-,-,20,35.87,15.869999999999997,-,10/31/2024,Other auction / marketplace,price includes grading ,Unvaulted,-,-,-,-,-,-,-,-,-,-,-,-
Active,2020 PANINI SELECT #289 TYRESE HALIBURTON RED/WHITE/ORANGE SHIMMER,97403293,PSA,10,-,2020,PANINI SELECT,289,TYRESE HALIBURTON,RED/WHITE/ORANGE SHIMMER ,-,-,15,47.62,32.62,-,10/31/2024,Other auction / marketplace,price includes grading ,Unvaulted,-,-,-,-,-,-,-,-,-,-,-,-
Active,2023 PANINI PRIZM #100 PAOLO BANCHERO RED WHITE BLUE,97403289,PSA,9,-,2023,PANINI PRIZM,100,PAOLO BANCHERO,RED WHITE BLUE,-,-,18,8.07,-9.93,-,10/31/2024,eBay,price includes grading ,Unvaulted,-,-,-,-,-,-,-,-,-,-,-,-
Active,2014 SCHOOLSHOP ABA LIGA #128 2014/15 MEGA VIZURA,97403264,PSA,5,-,2014,SCHOOLSHOP ABA LIGA,128,2014/15 MEGA VIZURA,-,-,-,30,6.9,-23.1,-,10/31/2024,eBay,price includes grading ,Unvaulted,-,-,-,-,-,-,-,-,-,-,-,-
Active,2014 SCHOOLSHOP ABA LIGA #129 NIKOLA JOKIC,97403261,PSA,5,-,2014,SCHOOLSHOP ABA LIGA,129,NIKOLA JOKIC,-,-,-,25,16.47,-8.530000000000001,-,10/31/2024,eBay,price includes grading ,Unvaulted,-,-,-,-,-,-,-,-,-,-,-,-
Active,2022 PANINI OBSIDIAN #67 JAMAL MURRAY ELECTRIC ETCH RED 2/5,97403277,PSA,8,-,2022,PANINI OBSIDIAN,67,JAMAL MURRAY,ELECTRIC ETCH RED,2/5,-,70,-,-,-,10/31/2024,eBay,price includes grading ,Unvaulted,-,-,-,-,-,-,-,-,-,-,-,-
Active,2022 PANINI OBSIDIAN #111 NIKOLA JOKIC ELECTRIC ETCH RED 3/5,97403278,PSA,10,-,2022,PANINI OBSIDIAN,111,NIKOLA JOKIC,ELECTRIC ETCH RED,3/5,-,90,-,-,-,10/31/2024,eBay,price includes grading ,Unvaulted,-,-,-,-,-,-,-,-,-,-,-,-
Active,2022 PANINI OBSIDIAN #165 CHRISTIAN BRAUN ELECTRIC ETCH LUCKY ENVELOPES 6/8,97403282,PSA,10,-,2022,PANINI OBSIDIAN,165,CHRISTIAN BRAUN,ELECTRIC ETCH LUCKY ENVELOPES,6/8,-,80,-,-,-,10/31/2024,eBay,price includes grading ,Unvaulted,-,-,-,-,-,-,-,-,-,-,-,-
Active,2022 PANINI OBSIDIAN #195 PEYTON WATSON ELECTRIC ETCH LUCKY ENVELOPES 7/8,97403283,PSA,9,-,2022,PANINI OBSIDIAN,195,PEYTON WATSON,ELECTRIC ETCH LUCKY ENVELOPES,7/8,-,25,46.44,21.439999999999998,-,10/31/2024,eBay,price includes grading ,Unvaulted,-,-,-,-,-,-,-,-,-,-,-,-
Active,2022 PANINI OBSIDIAN #94 AARON GORDON ELECTRIC ETCH LUCKY ENVELOPES 5/8,97403284,PSA,9,-,2022,PANINI OBSIDIAN,94,AARON GORDON,ELECTRIC ETCH LUCKY ENVELOPES,5/8,-,25,-,-,-,10/31/2024,eBay,price includes grading ,Unvaulted,-,-,-,-,-,-,-,-,-,-,-,-
Active,2022 PANINI OBSIDIAN #67 JAMAL MURRAY ELECTRIC ETCH LUCKY ENVELOPES 3/8,97403279,PSA,9,-,2022,PANINI OBSIDIAN,67,JAMAL MURRAY,ELECTRIC ETCH LUCKY ENVELOPES,3/8,-,60,-,-,-,10/31/2024,eBay,price includes grading ,Unvaulted,-,-,-,-,-,-,-,-,-,-,-,-
Active,2022 PANINI OBSIDIAN #111 NIKOLA JOKIC ELECTRIC ETCH LUCKY ENVELOPES 1/8,97403281,PSA,8,-,2022,PANINI OBSIDIAN,111,NIKOLA JOKIC,ELECTRIC ETCH LUCKY ENVELOPES,1/8,-,80,99.91,19.909999999999997,-,10/31/2024,eBay,price includes grading ,Unvaulted,-,-,-,-,-,-,-,-,-,-,-,-
Active,2022 PANINI OBSIDIAN #46 MICHAEL PORTER JR. ELECTRIC ETCH LUCKY ENVELOPES 2/8,97403280,PSA,9,-,2022,PANINI OBSIDIAN,46,MICHAEL PORTER JR.,ELECTRIC ETCH LUCKY ENVELOPES,2/8,-,60,-,-,-,10/31/2024,eBay,price includes grading ,Unvaulted,-,-,-,-,-,-,-,-,-,-,-,-
Active,2024 LEAF WEB EXCLUSIVES #6 NIKOLA JOKIC ANIME NATION SERIES 2-PURPLE 36/49,93319980,PSA,9,-,2024,LEAF WEB EXCLUSIVES,6,NIKOLA JOKIC,ANIME NATION SERIES 2-PURPLE,36/49,-,33,38.16,5.159999999999997,-,11/04/2024,eBay,-,Unvaulted,-,-,-,-,-,-,-,-,-,-,-,-
Active,2016 PANINI REVOLUTION #130 JAMAL MURRAY ASTRO,86766745,PSA,10,-,2016,PANINI REVOLUTION,130,JAMAL MURRAY,ASTRO,-,-,20,26.92,6.920000000000002,-,11/04/2024,eBay,"
",Unvaulted,-,-,-,-,-,-,-,-,-,-,-,-
Active,2024 PANINI CAITLIN CLARK COLLECTION ARTISTIC SELECTION #AS1 CAITLIN CLARK,98222681,PSA,10,-,2024,PANINI CAITLIN CLARK COLLECTION ARTISTIC SELECTION,AS1,CAITLIN CLARK,-,-,-,50,58.89,8.89,-,11/19/2024,eBay,-,Unvaulted,-,-,-,-,-,-,-,-,-,-,-,-
Active,2022 PANINI OBSIDIAN #67 JAMAL MURRAY ELECTRIC ETCH GREEN 10/25,95540185,PSA,7,-,2022,PANINI OBSIDIAN,67,JAMAL MURRAY,ELECTRIC ETCH GREEN,10/25,-,10,5.44,-4.56,-,12/01/2024,eBay,-,Unvaulted,-,-,-,-,-,-,-,-,-,-,-,-
Active,2023 PANINI SELECT #169 NIKOLA JOKIC DIE-CUT WHITE PRIZM 100/149,100135572,PSA,10,-,2023,PANINI SELECT,169,NIKOLA JOKIC,DIE-CUT WHITE PRIZM,100/149,-,38,49.81,11.810000000000002,-,12/12/2024,eBay,-,Unvaulted,-,-,-,-,-,-,-,-,-,-,-,-
Active,2022 PANINI SPECTRA #170 CHRISTIAN BRAUN CELESTIAL 81/149,85273380,PSA,9,-,2022,PANINI SPECTRA,170,CHRISTIAN BRAUN,CELESTIAL,81/149,-,50,41.48,-8.520000000000003,-,12/12/2024,eBay,includes shipping ,Unvaulted,-,-,-,-,-,-,-,-,-,-,-,-
Active,2023 PANINI PRIZM MONOPOLY MILLIONAIRE BLACK #B9 NIKOLA JOKIC,100717954,PSA,9,-,2023,PANINI PRIZM MONOPOLY MILLIONAIRE BLACK,B9,NIKOLA JOKIC,-,-,-,50,164.47,114.47,-,12/13/2024,eBay,personally graded,Unvaulted,-,-,-,-,-,-,-,-,-,-,-,-
Active,2023 PANINI MOSAIC #47 NIKOLA JOKIC WHITE 11/25,100717956,PSA,8,-,2023,PANINI MOSAIC,47,NIKOLA JOKIC,WHITE,11/25,-,20,39.63,19.630000000000003,-,12/13/2024,eBay,personally graded,Unvaulted,-,-,-,-,-,-,-,-,-,-,-,-
Active,2023 PANINI MOSAIC JAM MASTERS #3 VICTOR WEMBANYAMA MOSAIC,100717955,PSA,9,-,2023,PANINI MOSAIC JAM MASTERS,3,VICTOR WEMBANYAMA,MOSAIC,-,-,16,41.15,25.15,-,12/13/2024,Break,personally graded,Unvaulted,-,-,-,-,-,-,-,-,-,-,-,-
Active,2023 PANINI HAUNTED HOOPS #108 VICTOR WEMBANYAMA SLIME,100717953,PSA,10,-,2023,PANINI HAUNTED HOOPS,108,VICTOR WEMBANYAMA,SLIME,-,-,16,64.07,48.06999999999999,-,12/13/2024,Break,personally graded,Unvaulted,-,-,-,-,-,-,-,-,-,-,-,-
Active,2023 PANINI HAUNTED HOOPS #32 JAMAL MURRAY HOLO WEBS,100717951,PSA,10,-,2023,PANINI HAUNTED HOOPS,32,JAMAL MURRAY,HOLO WEBS,-,-,18,-,-,-,12/13/2024,eBay,personally graded,Unvaulted,-,-,-,-,-,-,-,-,-,-,-,-
Active,2023 PANINI HAUNTED HOOPS #1 NIKOLA JOKIC HOLO WEBS,100717950,PSA,10,-,2023,PANINI HAUNTED HOOPS,1,NIKOLA JOKIC,HOLO WEBS,-,-,20,123.84,103.84,-,12/13/2024,eBay,personally graded,Unvaulted,-,-,-,-,-,-,-,-,-,-,-,-
Active,2018 PANINI DONRUSS #177 LUKA DONCIC,100717952,PSA,9,-,2018,PANINI DONRUSS,177,LUKA DONCIC,-,-,-,60,42.46,-17.54,-,12/13/2024,Other auction / marketplace,personally graded,Unvaulted,-,-,-,-,-,-,-,-,-,-,-,-
Active,2016 PANINI THREADS #221 JAMAL MURRAY,53326698,PSA,10,-,2016,PANINI THREADS,221,JAMAL MURRAY,-,-,-,42,43.26,1.259999999999998,-,12/17/2024,eBay,-,Unvaulted,-,-,-,-,-,-,-,-,-,-,-,-
Active,2018 PANINI STATUS #186 MICHAEL PORTER JR.,46783235,PSA,10,-,2018,PANINI STATUS,186,MICHAEL PORTER JR.,-,-,-,7,15.37,8.37,-,12/17/2024,Private sale,-,Unvaulted,-,-,-,-,-,-,-,-,-,-,-,-
Active,2016 PANINI REVOLUTION #48 NIKOLA JOKIC ASTRO,85584777,PSA,10,-,2016,PANINI REVOLUTION,48,NIKOLA JOKIC,ASTRO,-,-,120,104.74,-15.260000000000005,-,12/26/2024,eBay,-,Unvaulted,-,-,-,-,-,-,-,-,-,-,-,-
Active,2022 PANINI COURT KINGS WORKS IN PROGRESS #20 CHRISTIAN BRAUN,76779044,PSA,9,-,2022,PANINI COURT KINGS WORKS IN PROGRESS,20,CHRISTIAN BRAUN,-,-,-,20,14.17,-5.83,-,12/31/2024,eBay,includes shipping ,Unvaulted,-,-,-,-,-,-,-,-,-,-,-,-
Active,2024 PANINI CAITLIN CLARK COLLECTION FEARLESS #F1 CAITLIN CLARK,96673574,PSA,10,-,2024,PANINI CAITLIN CLARK COLLECTION FEARLESS,F1,CAITLIN CLARK,-,-,-,50,60.16,10.159999999999997,-,01/04/2025,eBay,-,Unvaulted,-,-,-,-,-,-,-,-,-,-,-,-
Active,2023 BOWMAN U NOW #49 CAITLIN CLARK,100751675,PSA,10,-,2023,BOWMAN U NOW,49,CAITLIN CLARK,-,-,-,43,45.53,2.530000000000001,-,01/04/2025,eBay,includes shipping ,Unvaulted,-,-,-,-,-,-,-,-,-,-,-,-
Active,2023 PANINI PHOENIX PYRO #23 NIKOLA JOKIC GREEN 3/5,100096523,PSA,9,-,2023,PANINI PHOENIX PYRO,23,NIKOLA JOKIC,GREEN,3/5,-,47,45.88,-1.1199999999999974,-,01/04/2025,eBay,includes shipping ,Unvaulted,-,-,-,-,-,-,-,-,-,-,-,-
Active,2023 PANINI PRIZM MONOPOLY #2 AARON GORDON SPARKLE,91152172,PSA,10,-,2023,PANINI PRIZM MONOPOLY,2,AARON GORDON,SPARKLE,-,-,75,-,-,-,01/05/2025,Other auction / marketplace,-,Unvaulted,-,-,-,-,-,-,-,-,-,-,-,-
Active,1990 FLEER #48 ALEX ENGLISH,92891272,PSA,10,-,1990,FLEER,48,ALEX ENGLISH,-,-,-,25,20.18,-4.82,-,01/13/2025,eBay,includes shipping ,Unvaulted,-,-,-,-,-,-,-,-,-,-,-,-
Active,1992 TOPPS #281 DIKEMBE MUTOMBO,91746900,PSA,10,-,1992,TOPPS,281,DIKEMBE MUTOMBO,-,-,-,16,19.96,3.960000000000001,-,01/13/2025,eBay,includes shipping ,Unvaulted,-,-,-,-,-,-,-,-,-,-,-,-
Active,2023 BOWMAN UNIVERSITY CHROME BOWMAN CHROME PROSPECTS AUTOGRAPHS #CW CODY WILLIAMS LAVA REFRACTOR 130/199,96102054,PSA,10,-,2023,BOWMAN UNIVERSITY CHROME BOWMAN CHROME PROSPECTS AUTOGRAPHS,CW,CODY WILLIAMS,LAVA REFRACTOR,130/199,-,15,11.02,-3.9800000000000004,-,01/13/2025,eBay,includes shipping ,Unvaulted,-,-,-,-,-,-,-,-,-,-,-,-
Active,2023 PANINI PRIZM MONOPOLY #2 AARON GORDON GO,96957078,PSA,10,-,2023,PANINI PRIZM MONOPOLY,2,AARON GORDON,GO,-,-,15,49.01,34.01,-,01/14/2025,eBay,includes shipping ,Unvaulted,-,-,-,-,-,-,-,-,-,-,-,-
Active,2016 PANINI PRIZM MOSAIC #42 JAMAL MURRAY,95737458,PSA,10,-,2016,PANINI PRIZM MOSAIC,42,JAMAL MURRAY,-,-,-,48,41.06,-6.939999999999998,-,01/14/2025,eBay,includes shipping ,Unvaulted,-,-,-,-,-,-,-,-,-,-,-,-
Active,2024 PANINI CAITLIN CLARK COLLECTION FEARLESS #F2 CAITLIN CLARK,100509090,PSA,10,-,2024,PANINI CAITLIN CLARK COLLECTION FEARLESS,F2,CAITLIN CLARK,-,-,-,67,69.52,2.519999999999996,-,01/16/2025,eBay,includes shipping ,Unvaulted,-,-,-,-,-,-,-,-,-,-,-,-
Active,2024 PANINI SELECT WNBA EN FUEGO #14 CAITLIN CLARK,101258036,PSA,9,-,2024,PANINI SELECT WNBA EN FUEGO,14,CAITLIN CLARK,-,-,-,60,51.42,-8.579999999999998,-,01/17/2025,Private sale,including shipping ,Unvaulted,-,-,-,-,-,-,-,-,-,-,-,-
Active,2023 PANINI MOSAIC #43 JAMAL MURRAY ORANGE FLUORESCENT 14/25,100304625,PSA,10,-,2023,PANINI MOSAIC,43,JAMAL MURRAY,ORANGE FLUORESCENT,14/25,-,35,27.22,-7.780000000000001,-,01/24/2025,eBay,includes shipping ,Unvaulted,-,-,-,-,-,-,-,-,-,-,-,-
Active,2016 PANINI PRESTIGE ACETATE ROOKIES #17 JAMAL MURRAY,76775322,PSA,10,-,2016,PANINI PRESTIGE ACETATE ROOKIES,17,JAMAL MURRAY,-,-,-,59,65.84,6.840000000000003,-,02/16/2025,eBay,includes shipping ,Unvaulted,-,-,-,-,-,-,-,-,-,-,-,-
Active,2024 PANINI CAITLIN CLARK COLLECTION REIGNING 3'S #R1 CAITLIN CLARK VORTEX 118/399,103959350,PSA,10,-,2024,PANINI CAITLIN CLARK COLLECTION REIGNING 3'S,R1,CAITLIN CLARK,VORTEX,118/399,-,20,195.61,175.61,-,03/03/2025,-,-,Unvaulted,-,-,-,-,-,-,-,-,-,-,-,-
Active,2024 PANINI CAITLIN CLARK COLLECTION CAMPUS LEGENDS #CL1 CAITLIN CLARK VORTEX 361/399,103959349,PSA,7,-,2024,PANINI CAITLIN CLARK COLLECTION CAMPUS LEGENDS,CL1,CAITLIN CLARK,VORTEX,361/399,-,20,33.43,13.43,-,03/03/2025,-,-,Unvaulted,-,-,-,-,-,-,-,-,-,-,-,-
Active,2023 PANINI PHOENIX #256 VICTOR WEMBANYAMA RED ICE,103959358,PSA,9,-,2023,PANINI PHOENIX,256,VICTOR WEMBANYAMA,RED ICE,-,-,20,55.86,35.86,-,03/03/2025,-,-,Unvaulted,-,-,-,-,-,-,-,-,-,-,-,-
Active,2024 PANINI CAITLIN CLARK COLLECTION DONRUSS #8 CAITLIN CLARK POINTED STARS 194/299,103959348,PSA,9,-,2024,PANINI CAITLIN CLARK COLLECTION DONRUSS,8,CAITLIN CLARK,POINTED STARS,194/299,-,20,34.13,14.130000000000003,-,03/03/2025,-,-,Unvaulted,-,-,-,-,-,-,-,-,-,-,-,-
Active,2024 PANINI CAITLIN CLARK COLLECTION RECORD BREAKER #RBCC CAITLIN CLARK,103959357,PSA,8,-,2024,PANINI CAITLIN CLARK COLLECTION RECORD BREAKER,RBCC,CAITLIN CLARK,-,-,-,20,20.52,0.5199999999999996,-,03/03/2025,-,-,Unvaulted,-,-,-,-,-,-,-,-,-,-,-,-
Active,2023 PANINI PRIZM #12 AARON GORDON SNAKESKIN PRIZM,103959376,PSA,9,-,2023,PANINI PRIZM,12,AARON GORDON,SNAKESKIN PRIZM,-,-,47,46.95,-0.04999999999999716,-,03/03/2025,eBay,eBay $27. graded $20,Unvaulted,-,-,-,-,-,-,-,-,-,-,-,-
Active,2024 PANINI SELECT WNBA #72 CAITLIN CLARK PINK ICE,103959352,PSA,10,-,2024,PANINI SELECT WNBA,72,CAITLIN CLARK,PINK ICE,-,-,140,320.14,180.14,-,03/03/2025,Card show,graded myself ,Unvaulted,-,-,-,-,-,-,-,-,-,-,-,-
Active,2024 PANINI CAITLIN CLARK COLLECTION HIGHLIGHTS #H14 CAITLIN CLARK VORTEX 158/399,103959351,PSA,9,-,2024,PANINI CAITLIN CLARK COLLECTION HIGHLIGHTS,H14,CAITLIN CLARK,VORTEX,158/399,-,20,29.94,9.940000000000001,-,04/15/2025,Other,-,Unvaulted,-,-,-,-,-,-,-,-,-,-,-,-
Active,2022 PANINI REVOLUTION #109 CHRISTIAN BRAUN CHINESE NEW YEAR-HOLO GOLD 2/8,103959359,PSA,9,-,2022,PANINI REVOLUTION,109,CHRISTIAN BRAUN,CHINESE NEW YEAR-HOLO GOLD,2/8,-,30,-,-,-,12/15/2023,Break,$10 plus grading ,Unvaulted,-,-,-,-,-,-,-,-,-,-,-,-
Active,2022 PANINI OBSIDIAN #165 CHRISTIAN BRAUN ELECTRIC ETCH RED 3/5,103959360,PSA,9,-,2022,PANINI OBSIDIAN,165,CHRISTIAN BRAUN,ELECTRIC ETCH RED,3/5,-,100,-,-,-,04/14/2023,eBay,-,Unvaulted,-,-,-,-,-,-,-,-,-,-,-,-
Active,2022 PANINI OBSIDIAN #195 PEYTON WATSON ELECTRIC ETCH NEON FLOOD,103959361,PSA,9,-,2022,PANINI OBSIDIAN,195,PEYTON WATSON,ELECTRIC ETCH NEON FLOOD,-,-,25,96.31,71.31,-,04/14/2024,eBay,$5 plus grading ,Unvaulted,-,-,-,-,-,-,-,-,-,-,-,-
Active,2022 PANINI OBSIDIAN #195 PEYTON WATSON ELECTRIC ETCH CONTRA FOTL 3/3,103959362,PSA,9,-,2022,PANINI OBSIDIAN,195,PEYTON WATSON,ELECTRIC ETCH CONTRA FOTL,3/3,-,45,-,-,-,04/14/2024,eBay,$23 plus grading ,Unvaulted,-,-,-,-,-,-,-,-,-,-,-,-
Active,2022 PANINI OBSIDIAN #195 PEYTON WATSON ELECTRIC ETCH LUCKY ENVELOPES 4/8,103959363,PSA,10,-,2022,PANINI OBSIDIAN,195,PEYTON WATSON,ELECTRIC ETCH LUCKY ENVELOPES,4/8,-,25,184.91,159.91,-,04/14/2023,eBay,$5 plus grading ,Unvaulted,-,-,-,-,-,-,-,-,-,-,-,-
Active,2023 PANINI PHOENIX COURT OF THE KINGS #8 NIKOLA JOKIC YELLOW 19/35,103959365,PSA,9,-,2023,PANINI PHOENIX COURT OF THE KINGS,8,NIKOLA JOKIC,YELLOW,19/35,-,38,63.74,25.740000000000002,-,12/15/2024,eBay,$18 plus grading ,Unvaulted,-,-,-,-,-,-,-,-,-,-,-,-
Active,2023 PANINI PHOENIX MYSTIQUE #4 NIKOLA JOKIC YELLOW 17/35,103959366,PSA,9,-,2023,PANINI PHOENIX MYSTIQUE,4,NIKOLA JOKIC,YELLOW,17/35,-,60,66.78,6.780000000000001,-,12/15/2024,eBay,$40 plus grading ,Unvaulted,-,-,-,-,-,-,-,-,-,-,-,-
Active,2021 PANINI COURT KINGS AURORA #11 NIKOLA JOKIC,103959367,PSA,8,-,2021,PANINI COURT KINGS AURORA,11,NIKOLA JOKIC,-,-,-,40,38.41,-1.5900000000000034,-,04/15/2024,eBay,$20 plus grading ,Unvaulted,-,-,-,-,-,-,-,-,-,-,-,-
Active,2023 PANINI MOSAIC #257 VICTOR WEMBANYAMA REACTIVE BLUE,103959368,PSA,10,-,2023,PANINI MOSAIC,257,VICTOR WEMBANYAMA,REACTIVE BLUE,-,-,20,142.12,122.12,-,12/15/2024,-,-,Unvaulted,-,-,-,-,-,-,-,-,-,-,-,-
Active,2022 PANINI OBSIDIAN #111 NIKOLA JOKIC ELECTRIC ETCH BLUE FLOOD FOTL 8/16,103959369,PSA,9,-,2022,PANINI OBSIDIAN,111,NIKOLA JOKIC,ELECTRIC ETCH BLUE FLOOD FOTL,8/16,-,80,79.53,-0.46999999999999886,-,04/15/2023,eBay,$60 plus grading ,Unvaulted,-,-,-,-,-,-,-,-,-,-,-,-
Active,2022 PANINI OBSIDIAN TUNNEL VISION #9 NIKOLA JOKIC ELECTRIC ETCH YELLOW FLOOD 1/10,103959370,PSA,6,-,2022,PANINI OBSIDIAN TUNNEL VISION,9,NIKOLA JOKIC,ELECTRIC ETCH YELLOW FLOOD,1/10,-,103,-,-,-,04/15/2023,eBay,$83 plus grading ,Unvaulted,-,-,-,-,-,-,-,-,-,-,-,-
Active,2022 PANINI OBSIDIAN EQUINOX #19 NIKOLA JOKIC ELECTRIC ETCH YELLOW FLOOD 8/10,103959371,PSA,10,-,2022,PANINI OBSIDIAN EQUINOX,19,NIKOLA JOKIC,ELECTRIC ETCH YELLOW FLOOD,8/10,-,105,132.18,27.180000000000007,-,04/14/2023,eBay,$85 plus grading,Unvaulted,-,-,-,-,-,-,-,-,-,-,-,-
Active,2022 PANINI OBSIDIAN #111 NIKOLA JOKIC ELECTRIC ETCH YELLOW FLOOD 4/10,103959372,PSA,10,-,2022,PANINI OBSIDIAN,111,NIKOLA JOKIC,ELECTRIC ETCH YELLOW FLOOD,4/10,-,120,-,-,-,04/15/2023,eBay,$100 plus grading ,Unvaulted,-,-,-,-,-,-,-,-,-,-,-,-
Active,2022 PANINI OBSIDIAN #165 CHRISTIAN BRAUN ELECTRIC ETCH YELLOW FLOOD 1/10,103959373,PSA,10,-,2022,PANINI OBSIDIAN,165,CHRISTIAN BRAUN,ELECTRIC ETCH YELLOW FLOOD,1/10,-,167,162.59,-4.409999999999997,-,04/14/2023,eBay,$147 plus $20 for grading ,Unvaulted,-,-,-,-,-,-,-,-,-,-,-,-
Active,2016 PANINI COURT KINGS PORTRAITS #67 NIKOLA JOKIC 16/175,103959374,PSA,9,-,2016,PANINI COURT KINGS PORTRAITS,67,NIKOLA JOKIC,-,16/175,-,35,36.57,1.5700000000000003,-,05/15/2024,eBay,$15 plus grading ,Unvaulted,-,-,-,-,-,-,-,-,-,-,-,-
Active,2022 PANINI MOSAIC #160 AARON GORDON GOLD FAST BREAK 9/10,103959375,PSA,8,-,2022,PANINI MOSAIC,160,AARON GORDON,GOLD FAST BREAK,9/10,-,41,-,-,-,12/15/2024,eBay,$21 plus grading ,Unvaulted,-,-,-,-,-,-,-,-,-,-,-,-
Active,2022 PANINI OBSIDIAN ROOKIE ERUPTION AUTOGRAPHS #REBDC CHRISTIAN BRAUN ELECTRIC ETCH GREEN 22/25,103841525,PSA,9,10,2022,PANINI OBSIDIAN ROOKIE ERUPTION AUTOGRAPHS,REBDC,CHRISTIAN BRAUN,ELECTRIC ETCH GREEN,22/25,-,75,43.11,-31.89,-,03/21/2025,eBay,-,Unvaulted,-,-,-,-,-,-,-,-,-,-,-,-
Active,2016 PANINI PRESTIGE PRESTIGIOUS PREMIERES #25 JAMAL MURRAY AUTOGRAPH,103841523,PSA,8,10,2016,PANINI PRESTIGE PRESTIGIOUS PREMIERES,25,JAMAL MURRAY,AUTOGRAPH,-,-,80,220.39,140.39,-,03/21/2025,-,-,Unvaulted,-,-,-,-,-,-,-,-,-,-,-,-
Active,2016 PANINI CONTENDERS DRAFT PICKS #103 JAMAL MURRAY AUTOGRAPH-DRAFT TICKET 62/99,103841524,PSA,9,10,2016,PANINI CONTENDERS DRAFT PICKS,103,JAMAL MURRAY,AUTOGRAPH-DRAFT TICKET,62/99,-,65,106.33,41.33,-,03/21/2025,eBay,-,Unvaulted,-,-,-,-,-,-,-,-,-,-,-,-
Active,2024 PANINI CAITLIN CLARK COLLECTION ON CAMPUS #CCH CAITLIN CLARK HY-VEE EXCLUSIVE,100302910,PSA,9,-,2024,PANINI CAITLIN CLARK COLLECTION ON CAMPUS,CCH,CAITLIN CLARK,HY-VEE EXCLUSIVE,-,-,260,305.63,45.629999999999995,-,03/30/2025,eBay,-,Unvaulted,-,-,-,-,-,-,-,-,-,-,-,-
Active,2016 PANINI COURT KINGS #107 JAMAL MURRAY,106909521,PSA,8,-,2016,PANINI COURT KINGS,107,JAMAL MURRAY,-,-,-,25,44.18,19.18,-,04/06/2025,eBay,includes grading ,Unvaulted,-,-,-,-,-,-,-,-,-,-,-,-
Active,2022 PANINI OBSIDIAN #165 CHRISTIAN BRAUN ELECTRIC ETCH WHITE PULSAR,106909518,PSA,10,-,2022,PANINI OBSIDIAN,165,CHRISTIAN BRAUN,ELECTRIC ETCH WHITE PULSAR,-,-,25,140.13,115.13,-,04/06/2025,eBay,includes grading,Unvaulted,-,-,-,-,-,-,-,-,-,-,-,-
Active,2022 PANINI OBSIDIAN #67 JAMAL MURRAY ELECTRIC ETCH WHITE PULSAR,106909520,PSA,9,-,2022,PANINI OBSIDIAN,67,JAMAL MURRAY,ELECTRIC ETCH WHITE PULSAR,-,-,53,-,-,-,04/06/2025,eBay,includes grading,Unvaulted,-,-,-,-,-,-,-,-,-,-,-,-
Active,2022 PANINI OBSIDIAN #94 AARON GORDON ELECTRIC ETCH WHITE PULSAR,106909519,PSA,8,-,2022,PANINI OBSIDIAN,94,AARON GORDON,ELECTRIC ETCH WHITE PULSAR,-,-,25,-,-,-,04/06/2025,eBay,includes grading,Unvaulted,-,-,-,-,-,-,-,-,-,-,-,-
Active,2024 PANINI CAITLIN CLARK COLLECTION RAZZLE DAZZLE #RD2 CAITLIN CLARK,106909536,PSA,10,-,2024,PANINI CAITLIN CLARK COLLECTION RAZZLE DAZZLE,RD2,CAITLIN CLARK,-,-,-,18,88.3,70.3,-,04/06/2025,-,includes grading,Unvaulted,-,-,-,-,-,-,-,-,-,-,-,-
Active,2024 PANINI SELECT WNBA SNAPSHOTS #12 CAITLIN CLARK,106909537,PSA,10,-,2024,PANINI SELECT WNBA SNAPSHOTS,12,CAITLIN CLARK,-,-,-,20,83.25,63.25,-,03/14/2025,-,-,Unvaulted,-,-,-,-,-,-,-,-,-,-,-,-
Active,2023 PANINI HAUNTED HOOPS #32 JAMAL MURRAY HOLO CANDY,106909524,PSA,10,-,2023,PANINI HAUNTED HOOPS,32,JAMAL MURRAY,HOLO CANDY,-,-,30,-,-,-,03/14/2025,eBay,-,Unvaulted,-,-,-,-,-,-,-,-,-,-,-,-
Active,2024 PANINI CAITLIN CLARK COLLECTION FEARLESS #F2 CAITLIN CLARK,106909539,PSA,10,-,2024,PANINI CAITLIN CLARK COLLECTION FEARLESS,F2,CAITLIN CLARK,-,-,-,20,69.52,49.519999999999996,-,03/14/2025,-,-,Unvaulted,-,-,-,-,-,-,-,-,-,-,-,-
Active,2023 PANINI HAUNTED HOOPS #1 NIKOLA JOKIC HOLO CANDY,106909525,PSA,10,-,2023,PANINI HAUNTED HOOPS,1,NIKOLA JOKIC,HOLO CANDY,-,-,30,71.7,41.7,-,03/14/2025,eBay,-,Unvaulted,-,-,-,-,-,-,-,-,-,-,-,-
Active,2016 PANINI DONRUSS #157 JAMAL MURRAY,106909526,PSA,10,-,2016,PANINI DONRUSS,157,JAMAL MURRAY,-,-,-,25,23.86,-1.1400000000000006,-,03/14/2025,Card show,-,Unvaulted,-,-,-,-,-,-,-,-,-,-,-,-
Active,2018 PANINI SELECT #105 JAMAL MURRAY TRI-COLOR PRIZM,106909527,PSA,10,-,2018,PANINI SELECT,105,JAMAL MURRAY,TRI-COLOR PRIZM,-,-,30,-,-,-,03/14/2025,eBay,-,Unvaulted,-,-,-,-,-,-,-,-,-,-,-,-
Active,2024 PANINI CAITLIN CLARK COLLECTION COLLEGE CONTENDERS #CC1 CAITLIN CLARK POINTED STARS 235/299,106909540,PSA,10,-,2024,PANINI CAITLIN CLARK COLLECTION COLLEGE CONTENDERS,CC1,CAITLIN CLARK,POINTED STARS,235/299,-,20,166.69,146.69,-,03/14/2025,-,-,Unvaulted,-,-,-,-,-,-,-,-,-,-,-,-
Active,2023 PANINI PRIZM MONOPOLY #3 JAMAL MURRAY GOLD MILLIONAIRE SHIMMER 116/500,106909517,PSA,9,-,2023,PANINI PRIZM MONOPOLY,3,JAMAL MURRAY,GOLD MILLIONAIRE SHIMMER,116/500,-,25,13.39,-11.61,-,03/14/2025,eBay,-,Unvaulted,-,-,-,-,-,-,-,-,-,-,-,-
Active,2024 PANINI SELECT WNBA #191 CAMERON BRINK,106909530,PSA,10,-,2024,PANINI SELECT WNBA,191,CAMERON BRINK,-,-,-,20,37.7,17.700000000000003,-,03/14/2025,-,-,Unvaulted,-,-,-,-,-,-,-,-,-,-,-,-
Active,2023 PANINI MOSAIC NBA IN-SEASON TOURNAMENT #12 NIKOLA JOKIC,106909529,PSA,10,-,2023,PANINI MOSAIC NBA IN-SEASON TOURNAMENT,12,NIKOLA JOKIC,-,-,-,35,48.8,13.799999999999997,-,03/14/2025,Break,-,Unvaulted,-,-,-,-,-,-,-,-,-,-,-,-
Active,2022 PANINI FLUX #65 JAMAL MURRAY BLUE CRACKED ICE 7/25,106909528,PSA,10,-,2022,PANINI FLUX,65,JAMAL MURRAY,BLUE CRACKED ICE,7/25,-,25,-,-,-,03/14/2025,eBay,-,Unvaulted,-,-,-,-,-,-,-,-,-,-,-,-
Active,2016 PANINI ABSOLUTE #166 JAMAL MURRAY 750/999,106909523,PSA,10,-,2016,PANINI ABSOLUTE,166,JAMAL MURRAY,-,750/999,-,30,111.91,81.91,-,03/14/2025,eBay,-,Unvaulted,-,-,-,-,-,-,-,-,-,-,-,-
Active,2023 PANINI MOSAIC RAZZLE DAZZLE #3 NIKOLA JOKIC,106909522,PSA,10,-,2023,PANINI MOSAIC RAZZLE DAZZLE,3,NIKOLA JOKIC,-,-,-,50,77.12,27.120000000000005,-,03/14/2025,eBay,-,Unvaulted,-,-,-,-,-,-,-,-,-,-,-,-
Active,2024 PANINI SELECT WNBA SELECT FUTURE #7 CAMERON BRINK FLASH,106909535,PSA,10,-,2024,PANINI SELECT WNBA SELECT FUTURE,7,CAMERON BRINK,FLASH,-,-,20,57.11,37.11,-,03/14/2025,-,-,Unvaulted,-,-,-,-,-,-,-,-,-,-,-,-
Active,2024 PANINI SELECT WNBA #5 ANGEL REESE PINK ICE,106909534,PSA,10,-,2024,PANINI SELECT WNBA,5,ANGEL REESE,PINK ICE,-,-,20,40.89,20.89,-,03/14/2025,-,-,Unvaulted,-,-,-,-,-,-,-,-,-,-,-,-
Active,2024 PANINI SELECT WNBA #72 CAITLIN CLARK,106909532,PSA,10,-,2024,PANINI SELECT WNBA,72,CAITLIN CLARK,-,-,-,20,89.93,69.93,-,03/14/2025,-,-,Unvaulted,-,-,-,-,-,-,-,-,-,-,-,-
Active,2016 PANINI REVOLUTION #130 JAMAL MURRAY FRACTAL,55231128,PSA,9,-,2016,PANINI REVOLUTION,130,JAMAL MURRAY,FRACTAL,-,-,20,13.91,-6.09,-,04/19/2025,Card show,-,Unvaulted,-,-,-,-,-,-,-,-,-,-,-,-
Active,2016 PANINI REVOLUTION #130 JAMAL MURRAY COSMIC,55231142,PSA,8,-,2016,PANINI REVOLUTION,130,JAMAL MURRAY,COSMIC,-,-,25,26.78,1.7800000000000011,-,04/19/2025,Card show,-,Unvaulted,-,-,-,-,-,-,-,-,-,-,-,-
Active,2016 PANINI REVOLUTION #130 JAMAL MURRAY,41786540,PSA,10,-,2016,PANINI REVOLUTION,130,JAMAL MURRAY,-,-,-,28,52,24,-,04/19/2025,Card show,-,Unvaulted,-,-,-,-,-,-,-,-,-,-,-,-
Active,2016 PANINI EXCALIBUR CRUSADE #97 JAMAL MURRAY CAMO,55231105,PSA,10,-,2016,PANINI EXCALIBUR CRUSADE,97,JAMAL MURRAY,CAMO,-,-,28,78.49,50.489999999999995,-,04/19/2025,Card show,-,Unvaulted,-,-,-,-,-,-,-,-,-,-,-,-
Active,2016 PANINI COURT KINGS PORTRAITS #7 JAMAL MURRAY ROOKIE-RUBY,57933206,PSA,8,-,2016,PANINI COURT KINGS PORTRAITS,7,JAMAL MURRAY,ROOKIE-RUBY,-,-,24,-,-,-,04/19/2025,Card show,-,Unvaulted,-,-,-,-,-,-,-,-,-,-,-,-
Active,2021 PANINI MOSAIC #56 AARON GORDON GENESIS,78300771,PSA,10,-,2021,PANINI MOSAIC,56,AARON GORDON,GENESIS,-,-,30,-,-,-,04/19/2025,Card show,-,Unvaulted,-,-,-,-,-,-,-,-,-,-,-,-
Active,2023 PANINI HOOPS PREMIUM STOCK TROPHY CASE #9 NIKOLA JOKIC,108806508,PSA,8,-,2023,PANINI HOOPS PREMIUM STOCK TROPHY CASE,9,NIKOLA JOKIC,-,-,-,20,28.8,8.8,-,05/08/2025,eBay,-,Unvaulted,-,-,-,-,-,-,-,-,-,-,-,-
Active,2023 PANINI HOOPS PREMIUM STOCK SHEESH #10 NIKOLA JOKIC RED SEISMIC PRIZM 91/199,110092578,PSA,10,-,2023,PANINI HOOPS PREMIUM STOCK SHEESH,10,NIKOLA JOKIC,RED SEISMIC PRIZM,91/199,-,54,48.31,-5.689999999999998,-,05/08/2025,eBay,-,Unvaulted,-,-,-,-,-,-,-,-,-,-,-,-
Active,2024 PANINI SELECT WNBA #72 CAITLIN CLARK SILVER PRIZM,109009022,PSA,10,-,2024,PANINI SELECT WNBA,72,CAITLIN CLARK,SILVER PRIZM,-,-,300,306.43,6.430000000000007,-,05/14/2025,eBay,-,Unvaulted,-,-,-,-,-,-,-,-,-,-,-,-
Active,2024 PANINI INSTANT WNBA #171 CAITLIN CLARK WHITE TIGER 4/5,98168082,PSA,10,-,2024,PANINI INSTANT WNBA,171,CAITLIN CLARK,WHITE TIGER,4/5,-,375,434.38,59.379999999999995,-,06/16/2025,eBay,-,Unvaulted,-,-,-,-,-,-,-,-,-,-,-,-
Active,2024 PANINI PRIZM DRAFT PICKS SIGNING DAY #SDCAI CAITLIN CLARK RED SCOPE 49/88,115027095,PSA,10,10,2024,PANINI PRIZM DRAFT PICKS SIGNING DAY,SDCAI,CAITLIN CLARK,RED SCOPE,49/88,-,220,-,-,-,06/27/2025,Other auction / marketplace,pulled this card as a redemption. $220 for grading and shipping ,Unvaulted,-,-,-,-,-,-,-,-,-,-,-,-
Active,2022 PANINI OBSIDIAN ROOKIE JERSEY INK #RJIDPW PEYTON WATSON 13/99,105415515,PSA,8,8,2022,PANINI OBSIDIAN ROOKIE JERSEY INK,RJIDPW,PEYTON WATSON,-,13/99,-,25,19.49,-5.510000000000002,-,07/05/2025,eBay,-,Unvaulted,-,-,-,-,-,-,-,-,-,-,-,-
Active,2020 PANINI FLUX #43 NIKOLA JOKIC PULSAR,112485915,PSA,10,-,2020,PANINI FLUX,43,NIKOLA JOKIC,PULSAR,-,-,27,57.9,30.9,-,07/28/2025,eBay,includes shipping ,Unvaulted,-,-,-,-,-,-,-,-,-,-,-,-
Active,2024 PANINI COURT KINGS ARTISTRY IN MOTION #2 NIKOLA JOKIC BURGUNDY 101/125,120961528,PSA,9,-,2024,PANINI COURT KINGS ARTISTRY IN MOTION,2,NIKOLA JOKIC,BURGUNDY,101/125,-,50,-,-,-,09/09/2025,eBay,127026094309,Unvaulted,-,-,-,-,-,-,-,-,-,-,-,-
Active,2024 PANINI CAITLIN CLARK COLLECTION ON CAMPUS #CCT1 CAITLIN CLARK TARGET EXCLUSIVE,120961549,PSA,9,-,2024,PANINI CAITLIN CLARK COLLECTION ON CAMPUS,CCT1,CAITLIN CLARK,TARGET EXCLUSIVE,-,-,213,308.08,95.07999999999998,-,09/09/2025,eBay,includes $23 for grading ,Unvaulted,-,-,-,-,-,-,-,-,-,-,-,-
Active,2024 BOWMAN UNIVERSITY BEST PROSPECT DUAL RELIC AUTOGRAPHS #PDRASS SARAH STRONG,120961552,PSA,8,-,2024,BOWMAN UNIVERSITY BEST PROSPECT DUAL RELIC AUTOGRAPHS,PDRASS,SARAH STRONG,-,-,-,35,-,-,-,09/09/2025,Other,includes $23 for grading ,Unvaulted,-,-,-,-,-,-,-,-,-,-,-,-
Active,2024 PANINI PRIZM MONOPOLY MILLIONAIRE WHITE #W11 NIKOLA JOKIC,120961533,PSA,9,-,2024,PANINI PRIZM MONOPOLY MILLIONAIRE WHITE,W11,NIKOLA JOKIC,-,-,-,250,-,-,-,09/09/2025,eBay,includes $23 for grading ,Unvaulted,-,-,-,-,-,-,-,-,-,-,-,-
Active,2024 PANINI CAITLIN CLARK COLLECTION DONRUSS #12 CAITLIN CLARK FLOATING HEARTS 5/199,120961544,PSA,8,-,2024,PANINI CAITLIN CLARK COLLECTION DONRUSS,12,CAITLIN CLARK,FLOATING HEARTS,5/199,-,33,27.24,-5.760000000000002,-,09/09/2025,eBay,includes $23 for grading ,Unvaulted,-,-,-,-,-,-,-,-,-,-,-,-
Active,2024 PANINI PRIZM #168 AARON GORDON SNAKESKIN PRIZM,120961536,PSA,9,-,2024,PANINI PRIZM,168,AARON GORDON,SNAKESKIN PRIZM,-,-,52,-,-,-,09/09/2025,eBay,includes $23 for grading ,Unvaulted,-,-,-,-,-,-,-,-,-,-,-,-
Active,2024 PANINI CAITLIN CLARK COLLECTION HIGHLIGHTS #H5 CAITLIN CLARK FLOATING HEARTS 13/199,120961541,PSA,8.5,-,2024,PANINI CAITLIN CLARK COLLECTION HIGHLIGHTS,H5,CAITLIN CLARK,FLOATING HEARTS,13/199,-,33,-,-,-,09/09/2025,eBay,includes $23 for grading ,Unvaulted,-,-,-,-,-,-,-,-,-,-,-,-
Active,2024 PANINI PRIZM MONOPOLY MILLIONAIRE WHITE #W6 BRANDON MILLER,120961534,PSA,9,-,2024,PANINI PRIZM MONOPOLY MILLIONAIRE WHITE,W6,BRANDON MILLER,-,-,-,24,-,-,-,09/09/2025,-,includes $23 for grading ,Unvaulted,-,-,-,-,-,-,-,-,-,-,-,-
Active,2024 PANINI CAITLIN CLARK COLLECTION HIGHLIGHTS #H4 CAITLIN CLARK FLOATING HEARTS  199/199,120961543,PSA,8,-,2024,PANINI CAITLIN CLARK COLLECTION HIGHLIGHTS,H4,CAITLIN CLARK,FLOATING HEARTS ,199/199,-,33,25.98,-7.02,-,09/09/2025,-,includes $23 for grading ,Unvaulted,-,-,-,-,-,-,-,-,-,-,-,-
Active,2024 PANINI CAITLIN CLARK COLLECTION DONRUSS #16 CAITLIN CLARK PINK 15/50,120961546,PSA,10,-,2024,PANINI CAITLIN CLARK COLLECTION DONRUSS,16,CAITLIN CLARK,PINK,15/50,-,33,-,-,-,09/09/2025,eBay,includes $23 for grading ,Unvaulted,-,-,-,-,-,-,-,-,-,-,-,-
Active,2020 PANINI ONE AND ONE DOWNTOWN #13 JAMAL MURRAY,120961537,PSA,4,-,2020,PANINI ONE AND ONE DOWNTOWN,13,JAMAL MURRAY,-,-,-,340,-,-,-,09/09/2025,-,includes $23 for grading ,Unvaulted,-,-,-,-,-,-,-,-,-,-,-,-
Active,2023 PANINI IMMACULATE COLLECTION IMMACULATE DUAL MEMORABILIA #IDMDEN JAMAL MURRAY/NIKOLA JOKIC 16/99,120961527,PSA,8.5,-,2023,PANINI IMMACULATE COLLECTION IMMACULATE DUAL MEMORABILIA,IDMDEN,JAMAL MURRAY/NIKOLA JOKIC,-,16/99,-,74,-,-,-,09/09/2025,eBay,includes $23 for grading ,Unvaulted,-,-,-,-,-,-,-,-,-,-,-,-
Active,2024 PANINI CAITLIN CLARK COLLECTION HIGHLIGHTS #H14 CAITLIN CLARK POINTED STARS 12/299,120961545,PSA,9,-,2024,PANINI CAITLIN CLARK COLLECTION HIGHLIGHTS,H14,CAITLIN CLARK,POINTED STARS,12/299,-,33,44.26,11.259999999999998,-,09/09/2025,-,includes $23 for grading ,Unvaulted,-,-,-,-,-,-,-,-,-,-,-,-
Active,2024 PANINI PRIZM #168 AARON GORDON CHERRY BLOSSOM CHOICE 19/20,120961535,PSA,9,-,2024,PANINI PRIZM,168,AARON GORDON,CHERRY BLOSSOM CHOICE,19/20,-,90,-,-,-,09/09/2025,-,includes $23 for grading ,Unvaulted,-,-,-,-,-,-,-,-,-,-,-,-
Active,2024 PANINI CAITLIN CLARK COLLECTION HIGHLIGHTS #H1 CAITLIN CLARK GOLD 2/99,120961547,PSA,8,-,2024,PANINI CAITLIN CLARK COLLECTION HIGHLIGHTS,H1,CAITLIN CLARK,GOLD,2/99,-,33,61.64,28.64,-,09/09/2025,eBay,includes $23 for grading ,Unvaulted,-,-,-,-,-,-,-,-,-,-,-,-
Active,2021 PANINI SELECT SELECT NUMBERS #8 JAMAL MURRAY GOLD PRIZM 3/10,120961538,PSA,8,-,2021,PANINI SELECT SELECT NUMBERS,8,JAMAL MURRAY,GOLD PRIZM,3/10,-,43,-,-,-,09/09/2025,Other,includes $23 for grading ,Unvaulted,-,-,-,-,-,-,-,-,-,-,-,-
Active,2022 PANINI COURT KINGS #173 CHRISTIAN BRAUN,120961532,PSA,8,-,2022,PANINI COURT KINGS,173,CHRISTIAN BRAUN,-,-,-,130,57.29,-72.71000000000001,-,09/09/2025,eBay,includes $23 for grading ,Unvaulted,-,-,-,-,-,-,-,-,-,-,-,-
Active,2024 PANINI CAITLIN CLARK COLLECTION HIGHLIGHTS #H2 CAITLIN CLARK FLOATING HEARTS 2/199,120961542,PSA,9,-,2024,PANINI CAITLIN CLARK COLLECTION HIGHLIGHTS,H2,CAITLIN CLARK,FLOATING HEARTS,2/199,-,33,29.41,-3.59,-,09/09/2025,eBay,includes $23 for grading ,Unvaulted,-,-,-,-,-,-,-,-,-,-,-,-
Active,2024 PANINI CAITLIN CLARK COLLECTION ON CAMPUS #CCT2 CAITLIN CLARK TARGET EXCLUSIVE,120961550,PSA,9,-,2024,PANINI CAITLIN CLARK COLLECTION ON CAMPUS,CCT2,CAITLIN CLARK,TARGET EXCLUSIVE,-,-,223,464.77,241.76999999999998,-,09/09/2025,eBay,includes $23 for grading ,Unvaulted,-,-,-,-,-,-,-,-,-,-,-,-
Active,2024 PANINI CAITLIN CLARK COLLECTION ON CAMPUS #OCCC CAITLIN CLARK EXCLUSIVE,120961551,PSA,9,-,2024,PANINI CAITLIN CLARK COLLECTION ON CAMPUS,OCCC,CAITLIN CLARK,EXCLUSIVE,-,-,305,332.71,27.70999999999998,-,09/09/2025,eBay,includes $23 for grading ,Unvaulted,-,-,-,-,-,-,-,-,-,-,-,-
Active,2024 PANINI PRIZM WNBA GROOVY #13 CAITLIN CLARK,120961548,PSA,8,-,2024,PANINI PRIZM WNBA GROOVY,13,CAITLIN CLARK,-,-,-,48,-,-,-,09/09/2025,eBay,includes $23 for grading ,Unvaulted,-,-,-,-,-,-,-,-,-,-,-,-
Active,2024 PANINI NBA HOOPS PRESENTATIONS #8 NIKOLA JOKIC,120961531,PSA,10,-,2024,PANINI NBA HOOPS PRESENTATIONS,8,NIKOLA JOKIC,-,-,-,71,-,-,-,09/09/2025,eBay,includes $23 for grading ,Unvaulted,-,-,-,-,-,-,-,-,-,-,-,-
Active,2023 PANINI HOOPS PREMIUM STOCK SHEESH #10 NIKOLA JOKIC BLUE ICE PRIZM 85/99,120961530,PSA,10,-,2023,PANINI HOOPS PREMIUM STOCK SHEESH,10,NIKOLA JOKIC,BLUE ICE PRIZM,85/99,-,39,82.16,43.16,-,09/09/2025,eBay,includes $23 for grading ,Unvaulted,-,-,-,-,-,-,-,-,-,-,-,-
Active,2022 PANINI OBSIDIAN #111 NIKOLA JOKIC ELECTRIC ETCH WHITE PULSAR,120961529,PSA,8.5,-,2022,PANINI OBSIDIAN,111,NIKOLA JOKIC,ELECTRIC ETCH WHITE PULSAR,-,-,85,-,-,-,09/09/2025,eBay,includes $23 for grading ,Unvaulted,-,-,-,-,-,-,-,-,-,-,-,-
Active,2024 PANINI COURT KINGS #48 JAMAL MURRAY GOLD 3/10,120961539,PSA,9,-,2024,PANINI COURT KINGS,48,JAMAL MURRAY,GOLD,3/10,-,38,-,-,-,09/09/2025,eBay,includes $23 for grading ,Unvaulted,-,-,-,-,-,-,-,-,-,-,-,-
Active,2021 PANINI THE NATIONAL CASE BREAKER #CB19 NIKOLA JOKIC 188/199,91687455,PSA,10,-,2021,PANINI THE NATIONAL CASE BREAKER,CB19,NIKOLA JOKIC,-,188/199,-,72,72.75,0.75,-,09/29/2025,eBay,-,Unvaulted,-,-,-,-,-,-,-,-,-,-,-,-
Active,2019 PANINI DONRUSS NET MARVELS #1 NIKOLA JOKIC,51360165,PSA,9,-,2019,PANINI DONRUSS NET MARVELS,1,NIKOLA JOKIC,-,-,-,20,37.96,17.96,-,10/10/2025,eBay,includes shipping ,Unvaulted,-,-,-,-,-,-,-,-,-,-,-,-
Active,2024 PANINI CAITLIN CLARK COLLECTION COLLEGE CONTENDERS #CC4 CAITLIN CLARK PANINI,132272765,PSA,8,-,2024,PANINI CAITLIN CLARK COLLECTION COLLEGE CONTENDERS,CC4,CAITLIN CLARK,PANINI,-,-,-,20.73,-,-,-,-,-,Unvaulted,-,-,-,-,-,-,-,-,-,-,-,-
Active,2024 PANINI BLACK FRIDAY COLLEGE AND PROSPECTS #CC CAITLIN CLARK,132272778,PSA,9,-,2024,PANINI BLACK FRIDAY COLLEGE AND PROSPECTS,CC,CAITLIN CLARK,-,-,-,-,21.91,-,-,-,-,-,Unvaulted,-,-,-,-,-,-,-,-,-,-,-,-
Active,2023 PANINI MOSAIC #128 AARON GORDON BLACK GOLD CHOICE 8/8,132272792,PSA,8,-,2023,PANINI MOSAIC,128,AARON GORDON,BLACK GOLD CHOICE,8/8,-,-,-,-,-,-,-,-,Unvaulted,-,-,-,-,-,-,-,-,-,-,-,-
Active,2024 PANINI CAITLIN CLARK COLLECTION DONRUSS #19 CAITLIN CLARK PANINI,132272764,PSA,8,-,2024,PANINI CAITLIN CLARK COLLECTION DONRUSS,19,CAITLIN CLARK,PANINI,-,-,-,21.74,-,-,-,-,-,Unvaulted,-,-,-,-,-,-,-,-,-,-,-,-
Active,2024 PANINI PRIZM DRAFT PICKS NEW RECRUITS #14 CAITLIN CLARK,132272759,PSA,10,-,2024,PANINI PRIZM DRAFT PICKS NEW RECRUITS,14,CAITLIN CLARK,-,-,-,-,-,-,-,-,-,-,Unvaulted,-,-,-,-,-,-,-,-,-,-,-,-
Active,2024 PANINI BLACK FRIDAY ROOKIES #RC17 CAITLIN CLARK,132272779,PSA,8,-,2024,PANINI BLACK FRIDAY ROOKIES,RC17,CAITLIN CLARK,-,-,-,-,53.82,-,-,-,-,-,Unvaulted,-,-,-,-,-,-,-,-,-,-,-,-
Active,2024 PANINI PRIZM DRAFT PICKS RATED PROSPECT #2 PAIGE BUECKERS HYPER PRIZM,132272784,PSA,10,-,2024,PANINI PRIZM DRAFT PICKS RATED PROSPECT,2,PAIGE BUECKERS,HYPER PRIZM,-,-,-,-,-,-,-,-,-,Unvaulted,-,-,-,-,-,-,-,-,-,-,-,-
Active,2024 PANINI INSTANT WNBA ROOKIE OF THE YEAR #A CAITLIN CLARK,132272749,PSA,9,-,2024,PANINI INSTANT WNBA ROOKIE OF THE YEAR,A,CAITLIN CLARK,-,-,-,31,25.01,-5.989999999999998,-,12/12/2025,eBay,includes grading,Unvaulted,-,-,-,-,-,-,-,-,-,-,-,-
Active,2024 PANINI PRIZM DRAFT PICKS RATED PROSPECT #2 PAIGE BUECKERS PURPLE WAVE,132272783,PSA,9,-,2024,PANINI PRIZM DRAFT PICKS RATED PROSPECT,2,PAIGE BUECKERS,PURPLE WAVE,-,-,-,-,-,-,-,-,-,Unvaulted,-,-,-,-,-,-,-,-,-,-,-,-
Active,2024 PANINI CAITLIN CLARK COLLECTION COLLEGE CONTENDERS #CC1 CAITLIN CLARK POINTED STARS 184/299,132272771,PSA,8,-,2024,PANINI CAITLIN CLARK COLLECTION COLLEGE CONTENDERS,CC1,CAITLIN CLARK,POINTED STARS,184/299,-,-,31.71,-,-,-,-,-,Unvaulted,-,-,-,-,-,-,-,-,-,-,-,-
Active,2024 PANINI CAITLIN CLARK COLLECTION ARTISTIC SELECTION #AS1 CAITLIN CLARK,132272772,PSA,8,-,2024,PANINI CAITLIN CLARK COLLECTION ARTISTIC SELECTION,AS1,CAITLIN CLARK,-,-,-,-,15.72,-,-,-,-,-,Unvaulted,-,-,-,-,-,-,-,-,-,-,-,-
Active,2024 PANINI PRIZM MONOPOLY WNBA #65 CAITLIN CLARK,132272760,PSA,9,-,2024,PANINI PRIZM MONOPOLY WNBA,65,CAITLIN CLARK,-,-,-,-,29.14,-,-,-,-,-,Unvaulted,-,-,-,-,-,-,-,-,-,-,-,-
Active,2024 PANINI INSTANT WNBA #171 CAITLIN CLARK,132272750,PSA,10,-,2024,PANINI INSTANT WNBA,171,CAITLIN CLARK,-,-,-,-,65,-,-,-,-,-,Unvaulted,-,-,-,-,-,-,-,-,-,-,-,-
Active,2024 PANINI SELECT WNBA #5 ANGEL REESE PINK ICE,132272788,PSA,10,-,2024,PANINI SELECT WNBA,5,ANGEL REESE,PINK ICE,-,-,23,40.89,17.89,-,-,-,-,Unvaulted,-,-,-,-,-,-,-,-,-,-,-,-
Active,2024 PANINI PRIZM DRAFT PICKS CAMPUS LEGENDS #5 CAITLIN CLARK,132272755,PSA,8,-,2024,PANINI PRIZM DRAFT PICKS CAMPUS LEGENDS,5,CAITLIN CLARK,-,-,-,-,11.8,-,-,-,-,-,Unvaulted,-,-,-,-,-,-,-,-,-,-,-,-
Active,2024 PANINI PRIZM DRAFT PICKS CAMPUS LEGENDS #5 CAITLIN CLARK RED ICE,132272756,PSA,10,-,2024,PANINI PRIZM DRAFT PICKS CAMPUS LEGENDS,5,CAITLIN CLARK,RED ICE,-,-,-,-,-,-,-,-,-,Unvaulted,-,-,-,-,-,-,-,-,-,-,-,-
Active,2024 PANINI PRIZM MONOPOLY WNBA INSERT #16 ANGEL REESE FREE PARKING,132272787,PSA,9,-,2024,PANINI PRIZM MONOPOLY WNBA INSERT,16,ANGEL REESE,FREE PARKING,-,-,-,-,-,-,-,-,-,Unvaulted,-,-,-,-,-,-,-,-,-,-,-,-
Active,2024 PANINI CAITLIN CLARK COLLECTION REIGNING 3'S #R2 CAITLIN CLARK VORTEX 92/399,132272767,PSA,8,-,2024,PANINI CAITLIN CLARK COLLECTION REIGNING 3'S,R2,CAITLIN CLARK,VORTEX,92/399,-,-,36.65,-,-,-,-,-,Unvaulted,-,-,-,-,-,-,-,-,-,-,-,-
Active,2022 BOWMAN UNIVERSITY INCEPTION #68 CAITLIN CLARK,132272776,PSA,10,-,2022,BOWMAN UNIVERSITY INCEPTION,68,CAITLIN CLARK,-,-,-,40,101.99,61.989999999999995,-,12/12/2025,-,includes grading,Unvaulted,-,-,-,-,-,-,-,-,-,-,-,-
Active,2016 PANINI CONTENDERS DRAFT PICKS #103 JAMAL MURRAY VARIATION-AUTOGRAPH-CRACKED ICE TICKET 21/23,132272795,PSA,8,-,2016,PANINI CONTENDERS DRAFT PICKS,103,JAMAL MURRAY,VARIATION-AUTOGRAPH-CRACKED ICE TICKET,21/23,-,-,251.1,-,-,-,-,-,Unvaulted,-,-,-,-,-,-,-,-,-,-,-,-
Active,2024 PANINI CAITLIN CLARK COLLECTION HIGHLIGHTS #H1 CAITLIN CLARK PANINI,132272766,PSA,9,-,2024,PANINI CAITLIN CLARK COLLECTION HIGHLIGHTS,H1,CAITLIN CLARK,PANINI,-,-,25,32.21,7.210000000000001,-,12/12/2025,Break,includes grading,Unvaulted,-,-,-,-,-,-,-,-,-,-,-,-
Active,2022 BOWMAN UNIVERSITY INCEPTION #68 CAITLIN CLARK AQUA V2 FOIL 48/199,132272777,PSA,9,-,2022,BOWMAN UNIVERSITY INCEPTION,68,CAITLIN CLARK,AQUA V2 FOIL,48/199,-,147,108.61,-38.39,-,12/12/2025,Other auction / marketplace,includes grading,Unvaulted,-,-,-,-,-,-,-,-,-,-,-,-
Active,2023 PANINI PRIZM #12 AARON GORDON KING SNAKE,132272793,PSA,10,-,2023,PANINI PRIZM,12,AARON GORDON,KING SNAKE,-,-,61,-,-,-,12/19/2025,eBay,Includes grading,Unvaulted,-,-,-,-,-,-,-,-,-,-,-,-
Active,2024 PANINI CAITLIN CLARK COLLECTION RAZZLE DAZZLE #RD1 CAITLIN CLARK,132272769,PSA,10,-,2024,PANINI CAITLIN CLARK COLLECTION RAZZLE DAZZLE,RD1,CAITLIN CLARK,-,-,-,25,89.61,64.61,-,12/12/2025,Break,includes grading,Unvaulted,-,-,-,-,-,-,-,-,-,-,-,-
Active,2024 PANINI PRIZM WNBA #145 CAITLIN CLARK,132272752,PSA,8,-,2024,PANINI PRIZM WNBA,145,CAITLIN CLARK,-,-,-,-,-,-,35,-,eBay,Includes grading,Unvaulted,-,-,-,-,-,-,-,-,-,-,-,-
Active,2024 PANINI INSTANT WNBA THE LOGO #TL15 CAITLIN CLARK,132272780,PSA,10,-,2024,PANINI INSTANT WNBA THE LOGO,TL15,CAITLIN CLARK,-,-,-,118,316.16,198.16000000000003,-,12/12/2025,eBay,includes grading,Unvaulted,-,-,-,-,-,-,-,-,-,-,-,-
Active,2016 PANINI REVOLUTION #48 NIKOLA JOKIC INFINITE,132272791,PSA,8,-,2016,PANINI REVOLUTION,48,NIKOLA JOKIC,INFINITE,-,-,-,127.06,-,-,-,-,-,Unvaulted,-,-,-,-,-,-,-,-,-,-,-,-
Active,2024 PANINI CAITLIN CLARK COLLECTION HIGHLIGHTS #H14 CAITLIN CLARK PANINI,132272763,PSA,8,-,2024,PANINI CAITLIN CLARK COLLECTION HIGHLIGHTS,H14,CAITLIN CLARK,PANINI,-,-,-,40.45,-,-,-,-,-,Unvaulted,-,-,-,-,-,-,-,-,-,-,-,-
Active,2024 PANINI SELECT WNBA #72 CAITLIN CLARK,132272751,PSA,10,-,2024,PANINI SELECT WNBA,72,CAITLIN CLARK,-,-,-,-,89.93,-,-,-,-,-,Unvaulted,-,-,-,-,-,-,-,-,-,-,-,-
Active,2024 PANINI CAITLIN CLARK COLLECTION ARTISTIC SELECTION #AS2 CAITLIN CLARK,132272773,PSA,9,-,2024,PANINI CAITLIN CLARK COLLECTION ARTISTIC SELECTION,AS2,CAITLIN CLARK,-,-,-,-,22.49,-,-,-,-,-,Vaulted,01/03/2026,101,Fixed Price,04/10/2026,27,-,eBay,-,-,-,-,-
Active,2024 PANINI PRIZM DRAFT PICKS RATED PROSPECT #2 PAIGE BUECKERS ORANGE ICE,132272785,PSA,9,-,2024,PANINI PRIZM DRAFT PICKS RATED PROSPECT,2,PAIGE BUECKERS,ORANGE ICE,-,-,-,-,-,-,-,-,-,Unvaulted,-,-,-,-,-,-,-,-,-,-,-,-
Active,2024 PANINI PRIZM DRAFT PICKS PRIZM BREAK #13 CAITLIN CLARK,132272758,PSA,10,-,2024,PANINI PRIZM DRAFT PICKS PRIZM BREAK,13,CAITLIN CLARK,-,-,-,-,-,-,-,-,-,-,Unvaulted,-,-,-,-,-,-,-,-,-,-,-,-
Active,2023 PANINI HOOPS PREMIUM STOCK RETRO NET MARVELS #11 NIKOLA JOKIC,132272794,PSA,9,-,2023,PANINI HOOPS PREMIUM STOCK RETRO NET MARVELS,11,NIKOLA JOKIC,-,-,-,-,88.26,-,-,-,-,-,Unvaulted,-,-,-,-,-,-,-,-,-,-,-,-
Active,2024 PANINI PRIZM MONOPOLY WNBA INSERT #27 CAITLIN CLARK,132272761,PSA,10,-,2024,PANINI PRIZM MONOPOLY WNBA INSERT,27,CAITLIN CLARK,-,-,-,31,51.02,20.020000000000003,-,12/12/2025,eBay,includes grading,Unvaulted,-,-,-,-,-,-,-,-,-,-,-,-
Active,2024 PANINI CAITLIN CLARK COLLECTION HIGHLIGHTS #H8 CAITLIN CLARK VORTEX 29/399,132272768,PSA,8,-,2024,PANINI CAITLIN CLARK COLLECTION HIGHLIGHTS,H8,CAITLIN CLARK,VORTEX,29/399,-,-,21.98,-,-,-,-,-,Unvaulted,-,-,-,-,-,-,-,-,-,-,-,-
Active,2024 PANINI PRIZM DRAFT PICKS #57 CAITLIN CLARK VARIATION-RED ICE,132272796,PSA,9,-,2024,PANINI PRIZM DRAFT PICKS,57,CAITLIN CLARK,VARIATION-RED ICE,-,-,-,-,-,-,-,-,-,Unvaulted,-,-,-,-,-,-,-,-,-,-,-,-
Active,2022 BOWMAN CHROME UNIVERSITY 2009 BOWMAN #09B30 CAITLIN CLARK,132272775,PSA,8,-,2022,BOWMAN CHROME UNIVERSITY 2009 BOWMAN,09B30,CAITLIN CLARK,-,-,-,31,26.18,-4.82,-,12/12/2025,eBay,includes grading,Unvaulted,-,-,-,-,-,-,-,-,-,-,-,-
Active,2024 PANINI PRIZM WNBA #127 CAMERON BRINK BLUE VELOCITY,132272786,PSA,8,-,2024,PANINI PRIZM WNBA,127,CAMERON BRINK,BLUE VELOCITY,-,-,-,-,-,-,-,-,-,Unvaulted,-,-,-,-,-,-,-,-,-,-,-,-
Active,2024 PANINI PRIZM DRAFT PICKS STUDENT ORIENTATION #22 CAITLIN CLARK SILVER PRIZM,132272757,PSA,10,-,2024,PANINI PRIZM DRAFT PICKS STUDENT ORIENTATION,22,CAITLIN CLARK,SILVER PRIZM,-,-,23,-,-,-,-,Other,Includes grading,Unvaulted,-,-,-,-,-,-,-,-,-,-,-,-
Active,2022 PANINI PRIZM MONOPOLY MONEY #M7 NIKOLA JOKIC BLACK,132272789,PSA,5,-,2022,PANINI PRIZM MONOPOLY MONEY,M7,NIKOLA JOKIC,BLACK,-,-,-,-,-,-,-,-,-,Unvaulted,-,-,-,-,-,-,-,-,-,-,-,-
Active,2023 BOWMAN UNIVERSITY CHROME #90 PAIGE BUECKERS PINK REFRACTOR,132272782,PSA,10,-,2023,BOWMAN UNIVERSITY CHROME,90,PAIGE BUECKERS,PINK REFRACTOR,-,-,43,125.26,82.26,-,12/12/2025,eBay,includes grading,Unvaulted,-,-,-,-,-,-,-,-,-,-,-,-
Active,2024 PANINI PRIZM DRAFT PICKS #57 CAITLIN CLARK VARIATION-GREEN PRIZM,132272754,PSA,9,-,2024,PANINI PRIZM DRAFT PICKS,57,CAITLIN CLARK,VARIATION-GREEN PRIZM,-,-,-,-,-,-,-,-,-,Unvaulted,-,-,-,-,-,-,-,-,-,-,-,-
Active,2015 PANINI EXCALIBUR #199 NIKOLA JOKIC,132272790,PSA,8,-,2015,PANINI EXCALIBUR,199,NIKOLA JOKIC,-,-,-,170,128.63,-41.370000000000005,-,-,eBay,Includes grading,Unvaulted,-,-,-,-,-,-,-,-,-,-,-,-
Active,2024 PANINI PRIZM WNBA #145 CAITLIN CLARK BLUE VELOCITY,132272753,PSA,7,-,2024,PANINI PRIZM WNBA,145,CAITLIN CLARK,BLUE VELOCITY,-,-,150,-,-,-,12/12/2025,eBay,includes grading,Unvaulted,-,-,-,-,-,-,-,-,-,-,-,-
Active,2024 PANINI PRIZM WNBA FRACTAL #1 CAITLIN CLARK GREEN PRIZM,128638151,PSA,10,-,2024,PANINI PRIZM WNBA FRACTAL,1,CAITLIN CLARK,GREEN PRIZM,-,-,179,-,-,-,01/26/2026,eBay,Includes shipping and tax,Unvaulted,-,-,-,-,-,-,-,-,-,-,-,-
Active,2025 PANINI NATIONAL SPORTS COLLECTORS CONVENTION VIP GOLD #20 NIKOLA JOKIC NATIONAL SPARKLE 3/45,149237665,PSA,10,-,2025,PANINI NATIONAL SPORTS COLLECTORS CONVENTION VIP GOLD,20,NIKOLA JOKIC,NATIONAL SPARKLE,3/45,-,42,-,-,-,04/06/2026,eBay,Includes grading,Unvaulted,-,-,-,-,-,-,-,-,-,-,-,-
Active,2025 PANINI DONRUSS WNBA CRUNCH TIME #19 PAIGE BUECKERS DIAMOND,149237656,PSA,9,-,2025,PANINI DONRUSS WNBA CRUNCH TIME,19,PAIGE BUECKERS,DIAMOND,-,-,90,-,-,-,04/06/2026,eBay,Includes grading,Unvaulted,-,-,-,-,-,-,-,-,-,-,-,-
Active,2024 PANINI SELECT #175 STEPHON CASTLE PURPLE CRACKED ICE 35/99,149237666,PSA,10,-,2024,PANINI SELECT,175,STEPHON CASTLE,PURPLE CRACKED ICE,35/99,-,25,-,-,-,04/06/2026,Break,Includes grading,Unvaulted,-,-,-,-,-,-,-,-,-,-,-,-
Active,2025 PANINI DONRUSS WNBA #86 PAIGE BUECKERS HOLO,149237655,PSA,6,-,2025,PANINI DONRUSS WNBA,86,PAIGE BUECKERS,HOLO,-,-,25,-,-,-,04/06/2026,Break,Includes grading,Unvaulted,-,-,-,-,-,-,-,-,-,-,-,-
Active,2025 PANINI INSTANT WNBA SUPERNOVA #SN-2 PAIGE BUECKERS,149237657,PSA,10,-,2025,PANINI INSTANT WNBA SUPERNOVA,SN-2,PAIGE BUECKERS,-,-,-,35,-,-,-,04/06/2026,Other,Includes grading,Unvaulted,-,-,-,-,-,-,-,-,-,-,-,-
Active,2025 TOPPS COMIC COURT #CC-4 NIKOLA JOKIC,149237664,PSA,7,-,2025,TOPPS COMIC COURT,CC-4,NIKOLA JOKIC,-,-,-,160,-,-,-,04/06/2026,eBay,Includes grading,Unvaulted,-,-,-,-,-,-,-,-,-,-,-,-
Active,2025 PANINI INSTANT WNBA SUPERNOVA #SN-1 CAITLIN CLARK,149237658,PSA,10,-,2025,PANINI INSTANT WNBA SUPERNOVA,SN-1,CAITLIN CLARK,-,-,-,35,-,-,-,04/06/2026,Other,Includes grading,Unvaulted,-,-,-,-,-,-,-,-,-,-,-,-
Active,2024 PANINI CAITLIN CLARK COLLECTION DONRUSS #3 CAITLIN CLARK POINTED STARS 163/299,149237648,PSA,10,-,2024,PANINI CAITLIN CLARK COLLECTION DONRUSS,3,CAITLIN CLARK,POINTED STARS,163/299,-,25,152.75,127.75,-,04/06/2026,Break,Includes grading,Unvaulted,-,-,-,-,-,-,-,-,-,-,-,-
Active,2020 PANINI FLUX #43 NIKOLA JOKIC GOLD MOJO 4/10,149237663,PSA,10,-,2020,PANINI FLUX,43,NIKOLA JOKIC,GOLD MOJO,4/10,-,110,252.19,142.19,-,04/06/2026,eBay,Includes grading cost,Unvaulted,-,-,-,-,-,-,-,-,-,-,-,-
Active,2024 PANINI PRIZM DRAFT PICKS WIDESCREEN #6 CAITLIN CLARK,149237661,PSA,10,-,2024,PANINI PRIZM DRAFT PICKS WIDESCREEN,6,CAITLIN CLARK,-,-,-,35,-,-,-,04/06/2026,eBay,Includes grading,Unvaulted,-,-,-,-,-,-,-,-,-,-,-,-
Active,2025 PANINI INSTANT WNBA THE LOGO #7 PAIGE BUECKERS,149237651,PSA,10,-,2025,PANINI INSTANT WNBA THE LOGO,7,PAIGE BUECKERS,-,-,-,35,-,-,-,04/06/2026,Other,Includes grading,Unvaulted,-,-,-,-,-,-,-,-,-,-,-,-
Active,2024 PANINI CAITLIN CLARK COLLECTION DONRUSS #5 CAITLIN CLARK VORTEX 80/399,149237649,PSA,8,-,2024,PANINI CAITLIN CLARK COLLECTION DONRUSS,5,CAITLIN CLARK,VORTEX,80/399,-,35,22.25,-12.75,-,04/06/2026,Break,Includes grading,Unvaulted,-,-,-,-,-,-,-,-,-,-,-,-
Active,2025 PANINI NATIONAL SPORTS COLLECTORS CONVENTION VIP GOLD #CC CAITLIN CLARK PANINI,149237660,PSA,10,-,2025,PANINI NATIONAL SPORTS COLLECTORS CONVENTION VIP GOLD,CC,CAITLIN CLARK,PANINI,-,-,105,-,-,-,04/06/2026,eBay,Includes grading,Unvaulted,-,-,-,-,-,-,-,-,-,-,-,-
Active,2024 TOPPS NOW OLYMPIC GAMES #4 LeBRON JAMES,149237668,PSA,10,-,2024,TOPPS NOW OLYMPIC GAMES,4,LeBRON JAMES,-,-,-,-,35.87,-,-,-,-,-,Vaulted,04/07/2026,7,Fixed Price,04/14/2026,34,-,eBay,-,-,-,-,-
Active,2025 PANINI INSTANT WNBA AWARD WINNERS #ROY PAIGE BUECKERS,149237653,PSA,10,-,2025,PANINI INSTANT WNBA AWARD WINNERS,ROY,PAIGE BUECKERS,-,-,-,35,-,-,-,04/06/2026,Other,Includes grading,Unvaulted,-,-,-,-,-,-,-,-,-,-,-,-
Active,2025 PANINI INSTANT WNBA AWARD WINNERS #ROY PAIGE BUECKERS,149237654,PSA,9,-,2025,PANINI INSTANT WNBA AWARD WINNERS,ROY,PAIGE BUECKERS,-,-,-,35,-,-,-,04/06/2026,Other,Includes grading,Unvaulted,-,-,-,-,-,-,-,-,-,-,-,-
Active,2025 PANINI INSTANT WNBA THE LOGO #26 CAITLIN CLARK,149237652,PSA,10,-,2025,PANINI INSTANT WNBA THE LOGO,26,CAITLIN CLARK,-,-,-,35,-,-,-,04/06/2026,Other,Includes grading,Unvaulted,-,-,-,-,-,-,-,-,-,-,-,-
Active,2025 PANINI NATIONAL SPORTS COLLECTORS CONVENTION VIP GOLD #1 CAITLIN CLARK PANINI,149237659,PSA,10,-,2025,PANINI NATIONAL SPORTS COLLECTORS CONVENTION VIP GOLD,1,CAITLIN CLARK,PANINI,-,-,75,-,-,-,04/06/2026,eBay,Includes grading,Unvaulted,-,-,-,-,-,-,-,-,-,-,-,-
Active,2015 PANINI SELECT #128 NIKOLA JOKIC,149237669,PSA,9,-,2015,PANINI SELECT,128,NIKOLA JOKIC,-,-,-,200,229.91,29.909999999999997,-,04/06/2026,eBay,Includes grading,Unvaulted,-,-,-,-,-,-,-,-,-,-,-,-
Active,2022 PANINI THE NATIONAL CASE BREAKER #CB13 NIKOLA JOKIC 47/199,149237662,PSA,10,-,2022,PANINI THE NATIONAL CASE BREAKER,CB13,NIKOLA JOKIC,-,47/199,-,45,45.63,0.6300000000000026,-,04/06/2026,eBay,Includes grading,Unvaulted,-,-,-,-,-,-,-,-,-,-,-,-
Active,2023 PANINI DONRUSS NET MARVELS #17 SHAI GILGEOUS-ALEXANDER PRESS PROOF,149237667,PSA,9,-,2023,PANINI DONRUSS NET MARVELS,17,SHAI GILGEOUS-ALEXANDER,PRESS PROOF,-,-,35,11.78,-23.22,-,04/06/2026,eBay,Includes grading,Unvaulted,-,-,-,-,-,-,-,-,-,-,-,-
Active,2024 PANINI CAITLIN CLARK COLLECTION DONRUSS #7 CAITLIN CLARK VORTEX 290/399,149237650,PSA,10,-,2024,PANINI CAITLIN CLARK COLLECTION DONRUSS,7,CAITLIN CLARK,VORTEX,290/399,-,25,85.11,60.11,-,04/06/2026,Break,Includes grading,Unvaulted,-,-,-,-,-,-,-,-,-,-,-,-
Active,2024 PANINI REVOLUTION AUTOGRAPHS #AUITS ISIAH THOMAS CHINESE NEW YEAR HOLO GOLD 5/8,149237670,PSA,8,-,2024,PANINI REVOLUTION AUTOGRAPHS,AUITS,ISIAH THOMAS,CHINESE NEW YEAR HOLO GOLD,5/8,-,-,-,-,-,-,-,-,Vaulted,04/07/2026,7,Auction,04/06/2026,65,Processing Payment,eBay,-,65,-,-,-
Sold,2018 PANINI COURT KINGS #122 MICHAEL PORTER JR.,62265017,PSA,8,-,2018,PANINI COURT KINGS,122,MICHAEL PORTER JR.,-,-,-,15,11.26,-3.74,-,04/03/2024,-,price includes shipping ,-,-,-,-,-,-,-,-,-,-,-,-,-
Sold,2023 PANINI SELECT #44 TYRESE MAXEY RED CRACKED ICE,97403288,PSA,10,-,2023,PANINI SELECT,44,TYRESE MAXEY,RED CRACKED ICE,-,-,-,18.55,-,-,-,-,-,-,-,-,Auction,11/03/2024,0.99,Sold,eBay,11/15/2024,15.5,5,10.5,11/16/2024
Sold,2024 TOPPS NOW OLYMPIC GAMES #4 LeBRON JAMES,97403308,PSA,10,-,2024,TOPPS NOW OLYMPIC GAMES,4,LeBRON JAMES,-,-,-,-,35.87,-,-,-,-,-,-,-,-,Auction,11/03/2024,0.99,Sold,eBay,11/10/2024,13.6,5,8.6,11/10/2024
Sold,2018 PANINI CHRONICLES #162 SHAI GILGEOUS-ALEXANDER,97403298,PSA,9,-,2018,PANINI CHRONICLES,162,SHAI GILGEOUS-ALEXANDER,-,-,-,-,34.22,-,-,-,-,-,-,-,-,Auction,10/31/2024,0.99,Sold,eBay,11/07/2024,13,5,8,11/07/2024
Sold,1993 FINEST MAIN ATTRACTION #4 SCOTTIE PIPPEN,97403303,PSA,8,-,1993,FINEST MAIN ATTRACTION,4,SCOTTIE PIPPEN,-,-,-,17,20.2,3.1999999999999993,-,-,Other auction / marketplace,-,-,-,-,Auction,11/04/2024,0.99,Sold,eBay,11/11/2024,6.06,5,1.06,11/11/2024
Sold,2020 PANINI CHRONICLES #591 TYRESE HALIBURTON,97403292,PSA,10,-,2020,PANINI CHRONICLES,591,TYRESE HALIBURTON,-,-,-,-,39.11,-,-,-,-,-,-,-,-,Auction,11/02/2024,0.99,Sold,eBay,11/09/2024,21.5,5,16.5,11/10/2024
Sold,2018 PANINI CHRONICLES #620 JALEN BRUNSON,97403287,PSA,9,-,2018,PANINI CHRONICLES,620,JALEN BRUNSON,-,-,-,-,12.58,-,-,-,-,-,-,-,-,Auction,11/04/2024,0.99,Sold,eBay,11/13/2024,11.5,5,6.5,11/13/2024
Sold,2020 PANINI PRIZM INSTANT IMPACT #9 TYRESE HALIBURTON GREEN PRIZM,97403291,PSA,10,-,2020,PANINI PRIZM INSTANT IMPACT,9,TYRESE HALIBURTON,GREEN PRIZM,-,-,-,23.35,-,-,-,-,-,-,-,-,Auction,11/04/2024,0.99,Sold,eBay,11/11/2024,18.01,5,13.01,11/11/2024
Sold,1993 STADIUM CLUB #1 MICHAEL JORDAN,97403310,PSA,9,-,1993,STADIUM CLUB,1,MICHAEL JORDAN,-,-,-,17,40.43,23.43,-,-,-,-,-,-,-,Auction,11/04/2024,0.99,Sold,eBay,11/12/2024,15.38,5,10.38,11/12/2024
Sold,2018 PANINI DONRUSS OPTIC #179 JALEN BRUNSON,97403286,PSA,10,-,2018,PANINI DONRUSS OPTIC,179,JALEN BRUNSON,-,-,-,-,75.57,-,-,-,-,-,-,-,-,Auction,11/03/2024,0.99,Sold,eBay,11/10/2024,55,8.8,46.2,11/10/2024
Sold,2018 PANINI CHRONICLES #162 SHAI GILGEOUS-ALEXANDER PINK,97403297,PSA,9,-,2018,PANINI CHRONICLES,162,SHAI GILGEOUS-ALEXANDER,PINK,-,-,-,43.25,-,-,-,-,-,-,-,-,Auction,11/03/2024,0.99,Sold,eBay,11/10/2024,15.5,5,10.5,11/09/2024
Sold,2018 PANINI HOOPS #262 SHAI GILGEOUS-ALEXANDER,97403300,PSA,10,-,2018,PANINI HOOPS,262,SHAI GILGEOUS-ALEXANDER,-,-,-,22,120.4,98.4,-,-,-,-,-,-,-,Auction,11/04/2024,0.99,Sold,eBay,11/11/2024,31.57,5.05,26.52,11/12/2024
Sold,2020 PANINI FLUX #39 JALEN BRUNSON BLACK PULSAR,97403285,PSA,10,-,2020,PANINI FLUX,39,JALEN BRUNSON,BLACK PULSAR,-,-,-,13.04,-,-,-,-,-,-,-,-,Auction,11/03/2024,0.99,Sold,eBay,11/10/2024,14.23,5,9.23,11/09/2024
Sold,2020 PANINI ILLUSIONS #101 LeBRON JAMES TROPHY COLLECTION EMERALD,97403318,PSA,10,-,2020,PANINI ILLUSIONS,101,LeBRON JAMES,TROPHY COLLECTION EMERALD,-,-,-,26.54,-,-,-,-,-,-,-,-,Auction,11/03/2024,0.99,Sold,eBay,11/10/2024,23.5,5,18.5,11/10/2024
Sold,2018 PANINI CHRONICLES #195 SHAI GILGEOUS-ALEXANDER,97403299,PSA,8,-,2018,PANINI CHRONICLES,195,SHAI GILGEOUS-ALEXANDER,-,-,-,-,14.23,-,-,-,-,-,-,-,-,Auction,11/03/2024,0.99,Sold,eBay,11/10/2024,5.5,5,0.5,11/13/2024
Sold,2020 PANINI PRIZM INSTANT IMPACT #1 ANTHONY EDWARDS,97403295,PSA,9,-,2020,PANINI PRIZM INSTANT IMPACT,1,ANTHONY EDWARDS,-,-,-,-,28.89,-,-,-,-,-,-,-,-,Auction,11/03/2024,0.99,Sold,eBay,11/10/2024,11.5,5,6.5,11/10/2024
Sold,1991 UPPER DECK #77 LARRY BIRD CELTICS CHECKLIST,97403315,PSA,9,-,1991,UPPER DECK,77,LARRY BIRD,CELTICS CHECKLIST,-,-,17,11.3,-5.699999999999999,-,-,Other auction / marketplace,-,-,-,-,Auction,11/04/2024,0.99,Sold,eBay,11/11/2024,6.27,5,1.27,11/11/2024
Sold,1997 ULTRA #60G ALONZO MOURNING GOLD MEDALLION,97403305,PSA,9,-,1997,ULTRA,60G,ALONZO MOURNING,GOLD MEDALLION,-,-,-,21.37,-,-,-,-,-,-,-,-,Auction,11/04/2024,0.99,Sold,eBay,11/12/2024,16.5,5,11.5,11/12/2024
Sold,1993 FINEST #89 HORACE GRANT REFRACTOR,97403302,PSA,8,-,1993,FINEST,89,HORACE GRANT,REFRACTOR,-,-,17,40.25,23.25,-,-,Private sale,-,-,-,-,Auction,11/04/2024,0.99,Sold,eBay,11/11/2024,22.99,5,17.99,11/12/2024
Sold,2022 PANINI FLUX #62 JAYLEN BROWN SOLAR ECLIPSE 44/49,97403290,PSA,9,-,2022,PANINI FLUX,62,JAYLEN BROWN,SOLAR ECLIPSE,44/49,-,-,23.35,-,-,-,-,-,-,-,-,Fixed Price,03/05/2025,22.5,Sold,eBay,03/10/2025,22.5,5,17.5,03/11/2025
Sold,2020 PANINI CHRONICLES #528 ANTHONY EDWARDS,97403275,PSA,8,-,2020,PANINI CHRONICLES,528,ANTHONY EDWARDS,-,-,-,-,13.58,-,-,-,-,-,-,-,-,Auction,11/24/2024,0.99,Sold,eBay,12/07/2024,4.13,4.13,0,12/08/2024
Sold,2018 PANINI PRIZM EMERGENT #11 SHAI GILGEOUS-ALEXANDER,97403296,PSA,8,-,2018,PANINI PRIZM EMERGENT,11,SHAI GILGEOUS-ALEXANDER,-,-,-,-,7.36,-,-,-,-,-,-,-,-,Auction,11/03/2024,0.99,Sold,eBay,11/10/2024,5.11,5,0.11,11/09/2024
Sold,2021 PANINI SELECT 75 YEARS OF THE NBA #59 ANTHONY EDWARDS,97403274,PSA,9,-,2021,PANINI SELECT 75 YEARS OF THE NBA,59,ANTHONY EDWARDS,-,-,-,-,18.54,-,-,-,-,-,-,-,-,Auction,11/03/2024,0.99,Sold,eBay,11/10/2024,8.47,5,3.47,11/13/2024
Sold,2018 PANINI PRIZM FRESHMAN PHENOMS #15 SHAI GILGEOUS-ALEXANDER,97488425,PSA,10,-,2018,PANINI PRIZM FRESHMAN PHENOMS,15,SHAI GILGEOUS-ALEXANDER,-,-,-,-,54.58,-,-,-,-,-,-,-,-,Auction,11/02/2024,29.99,Sold,eBay,11/09/2024,29.99,5,24.99,11/10/2024
Sold,2022 PANINI FLUX FADE TO BLACK #13 STEPHEN CURRY,97488421,PSA,9,-,2022,PANINI FLUX FADE TO BLACK,13,STEPHEN CURRY,-,-,-,20,33.17,13.170000000000002,-,08/26/2024,Other,-,-,-,-,Fixed Price,05/31/2025,45,Sold,eBay,07/12/2025,32,7.16,24.84,07/15/2025
Sold,2024 PANINI CAITLIN CLARK COLLECTION ARTISTIC SELECTION #AS2 CAITLIN CLARK,97488418,PSA,10,-,2024,PANINI CAITLIN CLARK COLLECTION ARTISTIC SELECTION,AS2,CAITLIN CLARK,-,-,-,-,70.96,-,-,-,-,-,-,-,-,Fixed Price,12/13/2024,65,Sold,eBay,12/14/2024,65,10.4,54.6,12/15/2024
Sold,2024 PANINI CAITLIN CLARK COLLECTION RAZZLE DAZZLE #RD2 CAITLIN CLARK,97488414,PSA,9,-,2024,PANINI CAITLIN CLARK COLLECTION RAZZLE DAZZLE,RD2,CAITLIN CLARK,-,-,-,18,31.4,13.399999999999999,-,10/31/2024,Break,personally graded,-,-,-,-,-,-,-,-,-,-,-,-,-
Sold,2018 PANINI STATUS #186 MICHAEL PORTER JR.,51111481,PSA,10,-,2018,PANINI STATUS,186,MICHAEL PORTER JR.,-,-,-,7,15.37,8.37,-,12/17/2024,Private sale,"sold $11
",-,-,-,-,-,-,-,-,-,-,-,-,-
Sold,2018 PANINI SELECT #134 MICHAEL PORTER JR. TRI-COLOR PRIZM,62347450,PSA,9,-,2018,PANINI SELECT,134,MICHAEL PORTER JR.,TRI-COLOR PRIZM,-,-,10,10.54,0.5399999999999991,-,12/17/2024,-,-,-,-,-,-,-,-,-,-,-,-,-,-,-
Sold,2023 PANINI HAUNTED HOOPS #1 NIKOLA JOKIC HOLO CANDY,99703153,PSA,9,-,2023,PANINI HAUNTED HOOPS,1,NIKOLA JOKIC,HOLO CANDY,-,-,32,23.98,-8.02,-,12/24/2024,eBay,includes shipping ,-,-,-,-,-,-,-,-,-,-,-,-,-
Sold,2023 PANINI PRIZM #116 MICHAEL PORTER JR. SNAKESKIN PRIZM,93640478,PSA,10,-,2023,PANINI PRIZM,116,MICHAEL PORTER JR.,SNAKESKIN PRIZM,-,-,66,68.36,2.3599999999999994,-,02/18/2025,eBay,includes shipping ,-,-,-,-,-,-,-,-,-,-,-,-,-
Sold,2024 PANINI PRIZM MONOPOLY WNBA INSERT #27 CAITLIN CLARK,120961540,PSA,9,-,2024,PANINI PRIZM MONOPOLY WNBA INSERT,27,CAITLIN CLARK,-,-,-,-,23.12,-,-,-,-,-,-,-,-,Fixed Price,09/04/2025,24,Sold,PSA,09/04/2025,24,0,24,09/03/2025
Sold,2024 PANINI PRIZM MONOPOLY WNBA INSERT #27 CAITLIN CLARK,132272762,PSA,9,-,2024,PANINI PRIZM MONOPOLY WNBA INSERT,27,CAITLIN CLARK,-,-,-,-,23.12,-,-,-,-,-,-,-,-,Fixed Price,01/17/2026,25,Sold,eBay,01/19/2026,25,6.25,18.75,01/29/2026
Sold,2024 PANINI CAITLIN CLARK COLLECTION ARTISTIC SELECTION #AS2 CAITLIN CLARK,132272774,PSA,9,-,2024,PANINI CAITLIN CLARK COLLECTION ARTISTIC SELECTION,AS2,CAITLIN CLARK,-,-,-,23,22.49,-0.5100000000000016,-,-,-,-,-,-,-,-,-,-,-,-,-,-,-,-,-
Sold,2024 PANINI CAITLIN CLARK COLLECTION FEARLESS #F1 CAITLIN CLARK,132272770,PSA,9,-,2024,PANINI CAITLIN CLARK COLLECTION FEARLESS,F1,CAITLIN CLARK,-,-,-,-,26.33,-,-,-,-,-,-,-,-,Fixed Price,01/17/2026,26,Sold,eBay,03/19/2026,26,6.38,19.62,03/20/2026
Sold,2024 PANINI PRIZM DRAFT PICKS FEARLESS #24 CAITLIN CLARK,132272781,PSA,10,-,2024,PANINI PRIZM DRAFT PICKS FEARLESS,24,CAITLIN CLARK,-,-,-,23,-,-,-,12/12/2025,Other,includes grading,-,-,-,-,-,-,-,-,-,-,-,-,-
